forecast_case_id,event_case_id,storm_id,reference_event,reference_time,reference_latitude,reference_longitude,nominal_lead_hours,target_init_time,actual_lead_hours,cycle_offset_hours,init_time,forecast_hours,forecast_end_time
2022024S09090-CE01-L024,2022024S09090-CE01,2022024S09090,coastal_approach,2022-02-01T15:00:00Z,-17.3,59.6,24,2022-01-31T15:00:00Z,27.0,-3.0,2022-01-31T12:00:00Z,30,2022-02-01T18:00:00Z
2022024S09090-CE01-L048,2022024S09090-CE01,2022024S09090,coastal_approach,2022-02-01T15:00:00Z,-17.3,59.6,48,2022-01-30T15:00:00Z,51.0,-3.0,2022-01-30T12:00:00Z,54,2022-02-01T18:00:00Z
2022024S09090-CE01-L072,2022024S09090-CE01,2022024S09090,coastal_approach,2022-02-01T15:00:00Z,-17.3,59.6,72,2022-01-29T15:00:00Z,75.0,-3.0,2022-01-29T12:00:00Z,78,2022-02-01T18:00:00Z
2022024S09090-CE01-L096,2022024S09090-CE01,2022024S09090,coastal_approach,2022-02-01T15:00:00Z,-17.3,59.6,96,2022-01-28T15:00:00Z,99.0,-3.0,2022-01-28T12:00:00Z,102,2022-02-01T18:00:00Z
2022024S09090-CE01-L120,2022024S09090-CE01,2022024S09090,coastal_approach,2022-02-01T15:00:00Z,-17.3,59.6,120,2022-01-27T15:00:00Z,123.0,-3.0,2022-01-27T12:00:00Z,126,2022-02-01T18:00:00Z
2022024S09090-CE02-L024,2022024S09090-CE02,2022024S09090,landfall,2022-02-05T17:01:48.141186Z,-20.967828484176778,48.461732767098006,24,2022-02-04T17:01:48.141186Z,23.030039218333332,0.9699607816666667,2022-02-04T18:00:00Z,24,2022-02-05T18:00:00Z
2022024S09090-CE02-L048,2022024S09090-CE02,2022024S09090,landfall,2022-02-05T17:01:48.141186Z,-20.967828484176778,48.461732767098006,48,2022-02-03T17:01:48.141186Z,47.03003921833333,0.9699607816666667,2022-02-03T18:00:00Z,48,2022-02-05T18:00:00Z
2022024S09090-CE02-L072,2022024S09090-CE02,2022024S09090,landfall,2022-02-05T17:01:48.141186Z,-20.967828484176778,48.461732767098006,72,2022-02-02T17:01:48.141186Z,71.03003921833333,0.9699607816666667,2022-02-02T18:00:00Z,72,2022-02-05T18:00:00Z
2022024S09090-CE02-L096,2022024S09090-CE02,2022024S09090,landfall,2022-02-05T17:01:48.141186Z,-20.967828484176778,48.461732767098006,96,2022-02-01T17:01:48.141186Z,95.03003921833334,0.9699607816666667,2022-02-01T18:00:00Z,96,2022-02-05T18:00:00Z
2022024S09090-CE02-L120,2022024S09090-CE02,2022024S09090,landfall,2022-02-05T17:01:48.141186Z,-20.967828484176778,48.461732767098006,120,2022-01-31T17:01:48.141186Z,119.03003921833334,0.9699607816666667,2022-01-31T18:00:00Z,120,2022-02-05T18:00:00Z
2022038S19164-CE01-L024,2022038S19164-CE01,2022038S19164,landfall,2022-02-10T08:35:52.804986Z,-22.54649132193556,167.46716621064786,24,2022-02-09T08:35:52.804986Z,26.598001385,-2.598001385,2022-02-09T06:00:00Z,30,2022-02-10T12:00:00Z
2022038S19164-CE01-L048,2022038S19164-CE01,2022038S19164,landfall,2022-02-10T08:35:52.804986Z,-22.54649132193556,167.46716621064786,48,2022-02-08T08:35:52.804986Z,50.598001385,-2.598001385,2022-02-08T06:00:00Z,54,2022-02-10T12:00:00Z
2022038S19164-CE01-L072,2022038S19164-CE01,2022038S19164,landfall,2022-02-10T08:35:52.804986Z,-22.54649132193556,167.46716621064786,72,2022-02-07T08:35:52.804986Z,74.598001385,-2.598001385,2022-02-07T06:00:00Z,78,2022-02-10T12:00:00Z
2022038S19164-CE01-L096,2022038S19164-CE01,2022038S19164,landfall,2022-02-10T08:35:52.804986Z,-22.54649132193556,167.46716621064786,96,2022-02-06T08:35:52.804986Z,98.598001385,-2.598001385,2022-02-06T06:00:00Z,102,2022-02-10T12:00:00Z
2022038S19164-CE01-L120,2022038S19164-CE01,2022038S19164,landfall,2022-02-10T08:35:52.804986Z,-22.54649132193556,167.46716621064786,120,2022-02-05T08:35:52.804986Z,122.598001385,-2.598001385,2022-02-05T06:00:00Z,126,2022-02-10T12:00:00Z
2022037S10103-CE02-L024,2022037S10103-CE02,2022037S10103,landfall,2022-02-22T23:27:57.265179Z,-22.511100074799412,47.88927733193185,24,2022-02-21T23:27:57.265179Z,23.465906994166666,0.5340930058333333,2022-02-22T00:00:00Z,24,2022-02-23T00:00:00Z
2022037S10103-CE02-L048,2022037S10103-CE02,2022037S10103,landfall,2022-02-22T23:27:57.265179Z,-22.511100074799412,47.88927733193185,48,2022-02-20T23:27:57.265179Z,47.465906994166666,0.5340930058333333,2022-02-21T00:00:00Z,48,2022-02-23T00:00:00Z
2022037S10103-CE02-L072,2022037S10103-CE02,2022037S10103,landfall,2022-02-22T23:27:57.265179Z,-22.511100074799412,47.88927733193185,72,2022-02-19T23:27:57.265179Z,71.46590699416667,0.5340930058333333,2022-02-20T00:00:00Z,72,2022-02-23T00:00:00Z
2022037S10103-CE02-L096,2022037S10103-CE02,2022037S10103,landfall,2022-02-22T23:27:57.265179Z,-22.511100074799412,47.88927733193185,96,2022-02-18T23:27:57.265179Z,95.46590699416666,0.5340930058333333,2022-02-19T00:00:00Z,96,2022-02-23T00:00:00Z
2022037S10103-CE02-L120,2022037S10103-CE02,2022037S10103,landfall,2022-02-22T23:27:57.265179Z,-22.511100074799412,47.88927733193185,120,2022-02-17T23:27:57.265179Z,119.46590699416666,0.5340930058333333,2022-02-18T00:00:00Z,120,2022-02-23T00:00:00Z
2022065S16055-CE02-L024,2022065S16055-CE02,2022065S16055,landfall,2022-03-11T00:06:26.567941Z,-15.396423780923852,40.59283804497135,24,2022-03-10T00:06:26.567941Z,24.10737998361111,-0.10737998361111112,2022-03-10T00:00:00Z,30,2022-03-11T06:00:00Z
2022065S16055-CE02-L048,2022065S16055-CE02,2022065S16055,landfall,2022-03-11T00:06:26.567941Z,-15.396423780923852,40.59283804497135,48,2022-03-09T00:06:26.567941Z,48.10737998361111,-0.10737998361111112,2022-03-09T00:00:00Z,54,2022-03-11T06:00:00Z
2022065S16055-CE02-L072,2022065S16055-CE02,2022065S16055,landfall,2022-03-11T00:06:26.567941Z,-15.396423780923852,40.59283804497135,72,2022-03-08T00:06:26.567941Z,72.10737998361111,-0.10737998361111112,2022-03-08T00:00:00Z,78,2022-03-11T06:00:00Z
2022065S16055-CE02-L096,2022065S16055-CE02,2022065S16055,landfall,2022-03-11T00:06:26.567941Z,-15.396423780923852,40.59283804497135,96,2022-03-07T00:06:26.567941Z,96.10737998361111,-0.10737998361111112,2022-03-07T00:00:00Z,102,2022-03-11T06:00:00Z
2022065S16055-CE02-L120,2022065S16055-CE02,2022065S16055,landfall,2022-03-11T00:06:26.567941Z,-15.396423780923852,40.59283804497135,120,2022-03-06T00:06:26.567941Z,120.10737998361111,-0.10737998361111112,2022-03-06T00:00:00Z,126,2022-03-11T06:00:00Z
2022096N03150-CE01-L024,2022096N03150-CE01,2022096N03150,coastal_approach,2022-04-15T06:00:00Z,27.899999999999995,141.8,24,2022-04-14T06:00:00Z,24.0,0.0,2022-04-14T06:00:00Z,24,2022-04-15T06:00:00Z
2022096N03150-CE01-L048,2022096N03150-CE01,2022096N03150,coastal_approach,2022-04-15T06:00:00Z,27.899999999999995,141.8,48,2022-04-13T06:00:00Z,48.0,0.0,2022-04-13T06:00:00Z,48,2022-04-15T06:00:00Z
2022096N03150-CE01-L072,2022096N03150-CE01,2022096N03150,coastal_approach,2022-04-15T06:00:00Z,27.899999999999995,141.8,72,2022-04-12T06:00:00Z,72.0,0.0,2022-04-12T06:00:00Z,72,2022-04-15T06:00:00Z
2022096N03150-CE01-L096,2022096N03150-CE01,2022096N03150,coastal_approach,2022-04-15T06:00:00Z,27.899999999999995,141.8,96,2022-04-11T06:00:00Z,96.0,0.0,2022-04-11T06:00:00Z,96,2022-04-15T06:00:00Z
2022096N03150-CE01-L120,2022096N03150-CE01,2022096N03150,coastal_approach,2022-04-15T06:00:00Z,27.899999999999995,141.8,120,2022-04-10T06:00:00Z,120.0,0.0,2022-04-10T06:00:00Z,120,2022-04-15T06:00:00Z
2022126N07095-CE01-L024,2022126N07095-CE01,2022126N07095,landfall,2022-05-11T14:11:14.554541Z,16.0271059709392,81.1541552134867,24,2022-05-10T14:11:14.554541Z,26.18737626138889,-2.187376261388889,2022-05-10T12:00:00Z,30,2022-05-11T18:00:00Z
2022126N07095-CE01-L048,2022126N07095-CE01,2022126N07095,landfall,2022-05-11T14:11:14.554541Z,16.0271059709392,81.1541552134867,48,2022-05-09T14:11:14.554541Z,50.187376261388884,-2.187376261388889,2022-05-09T12:00:00Z,54,2022-05-11T18:00:00Z
2022126N07095-CE01-L072,2022126N07095-CE01,2022126N07095,landfall,2022-05-11T14:11:14.554541Z,16.0271059709392,81.1541552134867,72,2022-05-08T14:11:14.554541Z,74.18737626138889,-2.187376261388889,2022-05-08T12:00:00Z,78,2022-05-11T18:00:00Z
2022126N07095-CE01-L096,2022126N07095-CE01,2022126N07095,landfall,2022-05-11T14:11:14.554541Z,16.0271059709392,81.1541552134867,96,2022-05-07T14:11:14.554541Z,98.18737626138889,-2.187376261388889,2022-05-07T12:00:00Z,102,2022-05-11T18:00:00Z
2022126N07095-CE01-L120,2022126N07095-CE01,2022126N07095,landfall,2022-05-11T14:11:14.554541Z,16.0271059709392,81.1541552134867,120,2022-05-06T14:11:14.554541Z,122.18737626138889,-2.187376261388889,2022-05-06T12:00:00Z,126,2022-05-11T18:00:00Z
2022148N13263-CE01-L024,2022148N13263-CE01,2022148N13263,landfall,2022-05-30T20:43:05.651107Z,15.671841413716908,-96.6282134331613,24,2022-05-29T20:43:05.651107Z,26.71823641861111,-2.718236418611111,2022-05-29T18:00:00Z,30,2022-05-31T00:00:00Z
2022148N13263-CE01-L048,2022148N13263-CE01,2022148N13263,landfall,2022-05-30T20:43:05.651107Z,15.671841413716908,-96.6282134331613,48,2022-05-28T20:43:05.651107Z,50.71823641861111,-2.718236418611111,2022-05-28T18:00:00Z,54,2022-05-31T00:00:00Z
2022148N13263-CE01-L072,2022148N13263-CE01,2022148N13263,landfall,2022-05-30T20:43:05.651107Z,15.671841413716908,-96.6282134331613,72,2022-05-27T20:43:05.651107Z,74.71823641861111,-2.718236418611111,2022-05-27T18:00:00Z,78,2022-05-31T00:00:00Z
2022148N13263-CE01-L096,2022148N13263-CE01,2022148N13263,landfall,2022-05-30T20:43:05.651107Z,15.671841413716908,-96.6282134331613,96,2022-05-26T20:43:05.651107Z,98.71823641861111,-2.718236418611111,2022-05-26T18:00:00Z,102,2022-05-31T00:00:00Z
2022148N13263-CE01-L120,2022148N13263-CE01,2022148N13263,landfall,2022-05-30T20:43:05.651107Z,15.671841413716908,-96.6282134331613,120,2022-05-25T20:43:05.651107Z,122.71823641861111,-2.718236418611111,2022-05-25T18:00:00Z,126,2022-05-31T00:00:00Z
2022180N15117-CE01-L024,2022180N15117-CE01,2022180N15117,landfall,2022-07-02T08:26:54.807661Z,21.444874470107656,111.03682399642422,24,2022-07-01T08:26:54.807661Z,26.44855768361111,-2.4485576836111114,2022-07-01T06:00:00Z,30,2022-07-02T12:00:00Z
2022180N15117-CE01-L048,2022180N15117-CE01,2022180N15117,landfall,2022-07-02T08:26:54.807661Z,21.444874470107656,111.03682399642422,48,2022-06-30T08:26:54.807661Z,50.448557683611114,-2.4485576836111114,2022-06-30T06:00:00Z,54,2022-07-02T12:00:00Z
2022180N15117-CE01-L072,2022180N15117-CE01,2022180N15117,landfall,2022-07-02T08:26:54.807661Z,21.444874470107656,111.03682399642422,72,2022-06-29T08:26:54.807661Z,74.44855768361111,-2.4485576836111114,2022-06-29T06:00:00Z,78,2022-07-02T12:00:00Z
2022180N15117-CE01-L096,2022180N15117-CE01,2022180N15117,landfall,2022-07-02T08:26:54.807661Z,21.444874470107656,111.03682399642422,96,2022-06-28T08:26:54.807661Z,98.44855768361111,-2.4485576836111114,2022-06-28T06:00:00Z,102,2022-07-02T12:00:00Z
2022180N15117-CE01-L120,2022180N15117-CE01,2022180N15117,landfall,2022-07-02T08:26:54.807661Z,21.444874470107656,111.03682399642422,120,2022-06-27T08:26:54.807661Z,122.44855768361111,-2.4485576836111114,2022-06-27T06:00:00Z,126,2022-07-02T12:00:00Z
2022197N12260-CE01-L024,2022197N12260-CE01,2022197N12260,coastal_approach,2022-07-19T08:30:00Z,18.566758832129533,-114.61658598120869,24,2022-07-18T08:30:00Z,26.5,-2.5,2022-07-18T06:00:00Z,30,2022-07-19T12:00:00Z
2022197N12260-CE01-L048,2022197N12260-CE01,2022197N12260,coastal_approach,2022-07-19T08:30:00Z,18.566758832129533,-114.61658598120869,48,2022-07-17T08:30:00Z,50.5,-2.5,2022-07-17T06:00:00Z,54,2022-07-19T12:00:00Z
2022197N12260-CE01-L072,2022197N12260-CE01,2022197N12260,coastal_approach,2022-07-19T08:30:00Z,18.566758832129533,-114.61658598120869,72,2022-07-16T08:30:00Z,74.5,-2.5,2022-07-16T06:00:00Z,78,2022-07-19T12:00:00Z
2022197N12260-CE01-L096,2022197N12260-CE01,2022197N12260,coastal_approach,2022-07-19T08:30:00Z,18.566758832129533,-114.61658598120869,96,2022-07-15T08:30:00Z,98.5,-2.5,2022-07-15T06:00:00Z,102,2022-07-19T12:00:00Z
2022197N12260-CE01-L120,2022197N12260-CE01,2022197N12260,coastal_approach,2022-07-19T08:30:00Z,18.566758832129533,-114.61658598120869,120,2022-07-14T08:30:00Z,122.5,-2.5,2022-07-14T06:00:00Z,126,2022-07-19T12:00:00Z
2022232N18131-CE01-L024,2022232N18131-CE01,2022232N18131,landfall,2022-08-23T03:01:45.812067Z,17.50392788461882,122.19413439167596,24,2022-08-22T03:01:45.812067Z,21.029392240833335,2.9706077591666666,2022-08-22T06:00:00Z,24,2022-08-23T06:00:00Z
2022232N18131-CE01-L048,2022232N18131-CE01,2022232N18131,landfall,2022-08-23T03:01:45.812067Z,17.50392788461882,122.19413439167596,48,2022-08-21T03:01:45.812067Z,45.02939224083333,2.9706077591666666,2022-08-21T06:00:00Z,48,2022-08-23T06:00:00Z
2022232N18131-CE01-L072,2022232N18131-CE01,2022232N18131,landfall,2022-08-23T03:01:45.812067Z,17.50392788461882,122.19413439167596,72,2022-08-20T03:01:45.812067Z,69.02939224083333,2.9706077591666666,2022-08-20T06:00:00Z,72,2022-08-23T06:00:00Z
2022232N18131-CE01-L096,2022232N18131-CE01,2022232N18131,landfall,2022-08-23T03:01:45.812067Z,17.50392788461882,122.19413439167596,96,2022-08-19T03:01:45.812067Z,93.02939224083335,2.9706077591666666,2022-08-19T06:00:00Z,96,2022-08-23T06:00:00Z
2022232N18131-CE01-L120,2022232N18131-CE01,2022232N18131,landfall,2022-08-23T03:01:45.812067Z,17.50392788461882,122.19413439167596,120,2022-08-18T03:01:45.812067Z,117.02939224083335,2.9706077591666666,2022-08-18T06:00:00Z,120,2022-08-23T06:00:00Z
2022239N22150-CE01-L024,2022239N22150-CE01,2022239N22150,coastal_approach,2022-08-29T09:00:00Z,27.4,142.2,24,2022-08-28T09:00:00Z,27.0,-3.0,2022-08-28T06:00:00Z,30,2022-08-29T12:00:00Z
2022239N22150-CE01-L048,2022239N22150-CE01,2022239N22150,coastal_approach,2022-08-29T09:00:00Z,27.4,142.2,48,2022-08-27T09:00:00Z,51.0,-3.0,2022-08-27T06:00:00Z,54,2022-08-29T12:00:00Z
2022239N22150-CE01-L072,2022239N22150-CE01,2022239N22150,coastal_approach,2022-08-29T09:00:00Z,27.4,142.2,72,2022-08-26T09:00:00Z,75.0,-3.0,2022-08-26T06:00:00Z,78,2022-08-29T12:00:00Z
2022239N22150-CE01-L096,2022239N22150-CE01,2022239N22150,coastal_approach,2022-08-29T09:00:00Z,27.4,142.2,96,2022-08-25T09:00:00Z,99.0,-3.0,2022-08-25T06:00:00Z,102,2022-08-29T12:00:00Z
2022239N22150-CE01-L120,2022239N22150-CE01,2022239N22150,coastal_approach,2022-08-29T09:00:00Z,27.4,142.2,120,2022-08-24T09:00:00Z,123.0,-3.0,2022-08-24T06:00:00Z,126,2022-08-29T12:00:00Z
2022239N22150-CE02-L024,2022239N22150-CE02,2022239N22150,coastal_approach,2022-08-30T20:40:00Z,26.122441857096607,131.1887537321658,24,2022-08-29T20:40:00Z,26.666666666666668,-2.6666666666666665,2022-08-29T18:00:00Z,30,2022-08-31T00:00:00Z
2022239N22150-CE02-L048,2022239N22150-CE02,2022239N22150,coastal_approach,2022-08-30T20:40:00Z,26.122441857096607,131.1887537321658,48,2022-08-28T20:40:00Z,50.666666666666664,-2.6666666666666665,2022-08-28T18:00:00Z,54,2022-08-31T00:00:00Z
2022239N22150-CE02-L072,2022239N22150-CE02,2022239N22150,coastal_approach,2022-08-30T20:40:00Z,26.122441857096607,131.1887537321658,72,2022-08-27T20:40:00Z,74.66666666666667,-2.6666666666666665,2022-08-27T18:00:00Z,78,2022-08-31T00:00:00Z
2022239N22150-CE02-L096,2022239N22150-CE02,2022239N22150,coastal_approach,2022-08-30T20:40:00Z,26.122441857096607,131.1887537321658,96,2022-08-26T20:40:00Z,98.66666666666667,-2.6666666666666665,2022-08-26T18:00:00Z,102,2022-08-31T00:00:00Z
2022239N22150-CE02-L120,2022239N22150-CE02,2022239N22150,coastal_approach,2022-08-30T20:40:00Z,26.122441857096607,131.1887537321658,120,2022-08-25T20:40:00Z,122.66666666666667,-2.6666666666666665,2022-08-25T18:00:00Z,126,2022-08-31T00:00:00Z
2022239N22150-CE03-L024,2022239N22150-CE03,2022239N22150,landfall,2022-09-03T14:32:16.566754Z,24.63839707056672,124.71544350269308,24,2022-09-02T14:32:16.566754Z,26.537935209444445,-2.5379352094444445,2022-09-02T12:00:00Z,30,2022-09-03T18:00:00Z
2022239N22150-CE03-L048,2022239N22150-CE03,2022239N22150,landfall,2022-09-03T14:32:16.566754Z,24.63839707056672,124.71544350269308,48,2022-09-01T14:32:16.566754Z,50.53793520944444,-2.5379352094444445,2022-09-01T12:00:00Z,54,2022-09-03T18:00:00Z
2022239N22150-CE03-L072,2022239N22150-CE03,2022239N22150,landfall,2022-09-03T14:32:16.566754Z,24.63839707056672,124.71544350269308,72,2022-08-31T14:32:16.566754Z,74.53793520944446,-2.5379352094444445,2022-08-31T12:00:00Z,78,2022-09-03T18:00:00Z
2022239N22150-CE03-L096,2022239N22150-CE03,2022239N22150,landfall,2022-09-03T14:32:16.566754Z,24.63839707056672,124.71544350269308,96,2022-08-30T14:32:16.566754Z,98.53793520944446,-2.5379352094444445,2022-08-30T12:00:00Z,102,2022-09-03T18:00:00Z
2022239N22150-CE03-L120,2022239N22150-CE03,2022239N22150,landfall,2022-09-03T14:32:16.566754Z,24.63839707056672,124.71544350269308,120,2022-08-29T14:32:16.566754Z,122.53793520944446,-2.5379352094444445,2022-08-29T12:00:00Z,126,2022-09-03T18:00:00Z
2022248N14259-CE01-L024,2022248N14259-CE01,2022248N14259,landfall,2022-09-08T20:21:07.743671Z,27.14631971953704,-114.28201547133936,24,2022-09-07T20:21:07.743671Z,26.352151019722225,-2.352151019722222,2022-09-07T18:00:00Z,30,2022-09-09T00:00:00Z
2022248N14259-CE01-L048,2022248N14259-CE01,2022248N14259,landfall,2022-09-08T20:21:07.743671Z,27.14631971953704,-114.28201547133936,48,2022-09-06T20:21:07.743671Z,50.35215101972222,-2.352151019722222,2022-09-06T18:00:00Z,54,2022-09-09T00:00:00Z
2022248N14259-CE01-L072,2022248N14259-CE01,2022248N14259,landfall,2022-09-08T20:21:07.743671Z,27.14631971953704,-114.28201547133936,72,2022-09-05T20:21:07.743671Z,74.35215101972223,-2.352151019722222,2022-09-05T18:00:00Z,78,2022-09-09T00:00:00Z
2022248N14259-CE01-L096,2022248N14259-CE01,2022248N14259,landfall,2022-09-08T20:21:07.743671Z,27.14631971953704,-114.28201547133936,96,2022-09-04T20:21:07.743671Z,98.35215101972223,-2.352151019722222,2022-09-04T18:00:00Z,102,2022-09-09T00:00:00Z
2022248N14259-CE01-L120,2022248N14259-CE01,2022248N14259,landfall,2022-09-08T20:21:07.743671Z,27.14631971953704,-114.28201547133936,120,2022-09-03T20:21:07.743671Z,122.35215101972223,-2.352151019722222,2022-09-03T18:00:00Z,126,2022-09-09T00:00:00Z
2022247N26147-CE01-L024,2022247N26147-CE01,2022247N26147,landfall,2022-09-12T03:08:14.178193Z,24.41372887628158,124.09543463225128,24,2022-09-11T03:08:14.178193Z,21.137271720277777,2.8627282797222224,2022-09-11T06:00:00Z,24,2022-09-12T06:00:00Z
2022247N26147-CE01-L048,2022247N26147-CE01,2022247N26147,landfall,2022-09-12T03:08:14.178193Z,24.41372887628158,124.09543463225128,48,2022-09-10T03:08:14.178193Z,45.13727172027778,2.8627282797222224,2022-09-10T06:00:00Z,48,2022-09-12T06:00:00Z
2022247N26147-CE01-L072,2022247N26147-CE01,2022247N26147,landfall,2022-09-12T03:08:14.178193Z,24.41372887628158,124.09543463225128,72,2022-09-09T03:08:14.178193Z,69.13727172027778,2.8627282797222224,2022-09-09T06:00:00Z,72,2022-09-12T06:00:00Z
2022247N26147-CE01-L096,2022247N26147-CE01,2022247N26147,landfall,2022-09-12T03:08:14.178193Z,24.41372887628158,124.09543463225128,96,2022-09-08T03:08:14.178193Z,93.13727172027778,2.8627282797222224,2022-09-08T06:00:00Z,96,2022-09-12T06:00:00Z
2022247N26147-CE01-L120,2022247N26147-CE01,2022247N26147,landfall,2022-09-12T03:08:14.178193Z,24.41372887628158,124.09543463225128,120,2022-09-07T03:08:14.178193Z,117.13727172027778,2.8627282797222224,2022-09-07T06:00:00Z,120,2022-09-12T06:00:00Z
2022246N18301-CE02-L024,2022246N18301-CE02,2022246N18301,coastal_approach,2022-09-12T06:00:00Z,44.29999999999999,-52.1,24,2022-09-11T06:00:00Z,24.0,0.0,2022-09-11T06:00:00Z,24,2022-09-12T06:00:00Z
2022246N18301-CE02-L048,2022246N18301-CE02,2022246N18301,coastal_approach,2022-09-12T06:00:00Z,44.29999999999999,-52.1,48,2022-09-10T06:00:00Z,48.0,0.0,2022-09-10T06:00:00Z,48,2022-09-12T06:00:00Z
2022246N18301-CE02-L072,2022246N18301-CE02,2022246N18301,coastal_approach,2022-09-12T06:00:00Z,44.29999999999999,-52.1,72,2022-09-09T06:00:00Z,72.0,0.0,2022-09-09T06:00:00Z,72,2022-09-12T06:00:00Z
2022246N18301-CE02-L096,2022246N18301-CE02,2022246N18301,coastal_approach,2022-09-12T06:00:00Z,44.29999999999999,-52.1,96,2022-09-08T06:00:00Z,96.0,0.0,2022-09-08T06:00:00Z,96,2022-09-12T06:00:00Z
2022246N18301-CE02-L120,2022246N18301-CE02,2022246N18301,coastal_approach,2022-09-12T06:00:00Z,44.29999999999999,-52.1,120,2022-09-07T06:00:00Z,120.0,0.0,2022-09-07T06:00:00Z,120,2022-09-12T06:00:00Z
2022254N24143-CE01-L024,2022254N24143-CE01,2022254N24143,landfall,2022-09-18T08:23:51.200672Z,31.179511893685035,130.6,24,2022-09-17T08:23:51.200672Z,26.397555742222224,-2.3975557422222225,2022-09-17T06:00:00Z,30,2022-09-18T12:00:00Z
2022254N24143-CE01-L048,2022254N24143-CE01,2022254N24143,landfall,2022-09-18T08:23:51.200672Z,31.179511893685035,130.6,48,2022-09-16T08:23:51.200672Z,50.397555742222224,-2.3975557422222225,2022-09-16T06:00:00Z,54,2022-09-18T12:00:00Z
2022254N24143-CE01-L072,2022254N24143-CE01,2022254N24143,landfall,2022-09-18T08:23:51.200672Z,31.179511893685035,130.6,72,2022-09-15T08:23:51.200672Z,74.39755574222222,-2.3975557422222225,2022-09-15T06:00:00Z,78,2022-09-18T12:00:00Z
2022254N24143-CE01-L096,2022254N24143-CE01,2022254N24143,landfall,2022-09-18T08:23:51.200672Z,31.179511893685035,130.6,96,2022-09-14T08:23:51.200672Z,98.39755574222222,-2.3975557422222225,2022-09-14T06:00:00Z,102,2022-09-18T12:00:00Z
2022254N24143-CE01-L120,2022254N24143-CE01,2022254N24143,landfall,2022-09-18T08:23:51.200672Z,31.179511893685035,130.6,120,2022-09-13T08:23:51.200672Z,122.39755574222222,-2.3975557422222225,2022-09-13T06:00:00Z,126,2022-09-18T12:00:00Z
2022257N16312-CE01-L024,2022257N16312-CE01,2022257N16312,landfall,2022-09-18T19:08:05.413380Z,17.970238854532326,-67.07019711533643,24,2022-09-17T19:08:05.413380Z,25.134837049999998,-1.13483705,2022-09-17T18:00:00Z,30,2022-09-19T00:00:00Z
2022257N16312-CE01-L048,2022257N16312-CE01,2022257N16312,landfall,2022-09-18T19:08:05.413380Z,17.970238854532326,-67.07019711533643,48,2022-09-16T19:08:05.413380Z,49.13483705,-1.13483705,2022-09-16T18:00:00Z,54,2022-09-19T00:00:00Z
2022257N16312-CE01-L072,2022257N16312-CE01,2022257N16312,landfall,2022-09-18T19:08:05.413380Z,17.970238854532326,-67.07019711533643,72,2022-09-15T19:08:05.413380Z,73.13483705,-1.13483705,2022-09-15T18:00:00Z,78,2022-09-19T00:00:00Z
2022257N16312-CE01-L096,2022257N16312-CE01,2022257N16312,landfall,2022-09-18T19:08:05.413380Z,17.970238854532326,-67.07019711533643,96,2022-09-14T19:08:05.413380Z,97.13483705,-1.13483705,2022-09-14T18:00:00Z,102,2022-09-19T00:00:00Z
2022257N16312-CE01-L120,2022257N16312-CE01,2022257N16312,landfall,2022-09-18T19:08:05.413380Z,17.970238854532326,-67.07019711533643,120,2022-09-13T19:08:05.413380Z,121.13483705,-1.13483705,2022-09-13T18:00:00Z,126,2022-09-19T00:00:00Z
2022257N16312-CE02-L024,2022257N16312-CE02,2022257N16312,landfall,2022-09-19T14:16:13.542325Z,19.02708847987194,-69.12694401213258,24,2022-09-18T14:16:13.542325Z,26.27042842361111,-2.2704284236111114,2022-09-18T12:00:00Z,30,2022-09-19T18:00:00Z
2022257N16312-CE02-L048,2022257N16312-CE02,2022257N16312,landfall,2022-09-19T14:16:13.542325Z,19.02708847987194,-69.12694401213258,48,2022-09-17T14:16:13.542325Z,50.27042842361111,-2.2704284236111114,2022-09-17T12:00:00Z,54,2022-09-19T18:00:00Z
2022257N16312-CE02-L072,2022257N16312-CE02,2022257N16312,landfall,2022-09-19T14:16:13.542325Z,19.02708847987194,-69.12694401213258,72,2022-09-16T14:16:13.542325Z,74.27042842361111,-2.2704284236111114,2022-09-16T12:00:00Z,78,2022-09-19T18:00:00Z
2022257N16312-CE02-L096,2022257N16312-CE02,2022257N16312,landfall,2022-09-19T14:16:13.542325Z,19.02708847987194,-69.12694401213258,96,2022-09-15T14:16:13.542325Z,98.27042842361111,-2.2704284236111114,2022-09-15T12:00:00Z,102,2022-09-19T18:00:00Z
2022257N16312-CE02-L120,2022257N16312-CE02,2022257N16312,landfall,2022-09-19T14:16:13.542325Z,19.02708847987194,-69.12694401213258,120,2022-09-14T14:16:13.542325Z,122.27042842361111,-2.2704284236111114,2022-09-14T12:00:00Z,126,2022-09-19T18:00:00Z
2022257N16312-CE03-L024,2022257N16312-CE03,2022257N16312,coastal_approach,2022-09-23T09:40:00Z,33.52360155294915,-66.09169149337178,24,2022-09-22T09:40:00Z,21.666666666666668,2.3333333333333335,2022-09-22T12:00:00Z,24,2022-09-23T12:00:00Z
2022257N16312-CE03-L048,2022257N16312-CE03,2022257N16312,coastal_approach,2022-09-23T09:40:00Z,33.52360155294915,-66.09169149337178,48,2022-09-21T09:40:00Z,45.666666666666664,2.3333333333333335,2022-09-21T12:00:00Z,48,2022-09-23T12:00:00Z
2022257N16312-CE03-L072,2022257N16312-CE03,2022257N16312,coastal_approach,2022-09-23T09:40:00Z,33.52360155294915,-66.09169149337178,72,2022-09-20T09:40:00Z,69.66666666666667,2.3333333333333335,2022-09-20T12:00:00Z,72,2022-09-23T12:00:00Z
2022257N16312-CE03-L096,2022257N16312-CE03,2022257N16312,coastal_approach,2022-09-23T09:40:00Z,33.52360155294915,-66.09169149337178,96,2022-09-19T09:40:00Z,93.66666666666667,2.3333333333333335,2022-09-19T12:00:00Z,96,2022-09-23T12:00:00Z
2022257N16312-CE03-L120,2022257N16312-CE03,2022257N16312,coastal_approach,2022-09-23T09:40:00Z,33.52360155294915,-66.09169149337178,120,2022-09-18T09:40:00Z,117.66666666666667,2.3333333333333335,2022-09-18T12:00:00Z,120,2022-09-23T12:00:00Z
2022257N16312-CE04-L024,2022257N16312-CE04,2022257N16312,landfall,2022-09-24T07:02:38.502928Z,45.21320925880477,-61.2,24,2022-09-23T07:02:38.502928Z,25.04402859111111,-1.0440285911111111,2022-09-23T06:00:00Z,30,2022-09-24T12:00:00Z
2022257N16312-CE04-L048,2022257N16312-CE04,2022257N16312,landfall,2022-09-24T07:02:38.502928Z,45.21320925880477,-61.2,48,2022-09-22T07:02:38.502928Z,49.044028591111115,-1.0440285911111111,2022-09-22T06:00:00Z,54,2022-09-24T12:00:00Z
2022257N16312-CE04-L072,2022257N16312-CE04,2022257N16312,landfall,2022-09-24T07:02:38.502928Z,45.21320925880477,-61.2,72,2022-09-21T07:02:38.502928Z,73.04402859111111,-1.0440285911111111,2022-09-21T06:00:00Z,78,2022-09-24T12:00:00Z
2022257N16312-CE04-L096,2022257N16312-CE04,2022257N16312,landfall,2022-09-24T07:02:38.502928Z,45.21320925880477,-61.2,96,2022-09-20T07:02:38.502928Z,97.04402859111111,-1.0440285911111111,2022-09-20T06:00:00Z,102,2022-09-24T12:00:00Z
2022257N16312-CE04-L120,2022257N16312-CE04,2022257N16312,landfall,2022-09-24T07:02:38.502928Z,45.21320925880477,-61.2,120,2022-09-19T07:02:38.502928Z,121.04402859111111,-1.0440285911111111,2022-09-19T06:00:00Z,126,2022-09-24T12:00:00Z
2022264N17132-CE01-L024,2022264N17132-CE01,2022264N17132,landfall,2022-09-25T11:38:02.712618Z,15.18788843317617,121.47321277719672,24,2022-09-24T11:38:02.712618Z,23.634086838333335,0.36591316166666665,2022-09-24T12:00:00Z,24,2022-09-25T12:00:00Z
2022264N17132-CE01-L048,2022264N17132-CE01,2022264N17132,landfall,2022-09-25T11:38:02.712618Z,15.18788843317617,121.47321277719672,48,2022-09-23T11:38:02.712618Z,47.63408683833333,0.36591316166666665,2022-09-23T12:00:00Z,48,2022-09-25T12:00:00Z
2022264N17132-CE01-L072,2022264N17132-CE01,2022264N17132,landfall,2022-09-25T11:38:02.712618Z,15.18788843317617,121.47321277719672,72,2022-09-22T11:38:02.712618Z,71.63408683833333,0.36591316166666665,2022-09-22T12:00:00Z,72,2022-09-25T12:00:00Z
2022264N17132-CE01-L096,2022264N17132-CE01,2022264N17132,landfall,2022-09-25T11:38:02.712618Z,15.18788843317617,121.47321277719672,96,2022-09-21T11:38:02.712618Z,95.63408683833333,0.36591316166666665,2022-09-21T12:00:00Z,96,2022-09-25T12:00:00Z
2022264N17132-CE01-L120,2022264N17132-CE01,2022264N17132,landfall,2022-09-25T11:38:02.712618Z,15.18788843317617,121.47321277719672,120,2022-09-20T11:38:02.712618Z,119.63408683833333,0.36591316166666665,2022-09-20T12:00:00Z,120,2022-09-25T12:00:00Z
2022264N17132-CE02-L024,2022264N17132-CE02,2022264N17132,coastal_approach,2022-09-25T18:00:00Z,15.500000000000002,119.9,24,2022-09-24T18:00:00Z,24.0,0.0,2022-09-24T18:00:00Z,24,2022-09-25T18:00:00Z
2022264N17132-CE02-L048,2022264N17132-CE02,2022264N17132,coastal_approach,2022-09-25T18:00:00Z,15.500000000000002,119.9,48,2022-09-23T18:00:00Z,48.0,0.0,2022-09-23T18:00:00Z,48,2022-09-25T18:00:00Z
2022264N17132-CE02-L072,2022264N17132-CE02,2022264N17132,coastal_approach,2022-09-25T18:00:00Z,15.500000000000002,119.9,72,2022-09-22T18:00:00Z,72.0,0.0,2022-09-22T18:00:00Z,72,2022-09-25T18:00:00Z
2022264N17132-CE02-L096,2022264N17132-CE02,2022264N17132,coastal_approach,2022-09-25T18:00:00Z,15.500000000000002,119.9,96,2022-09-21T18:00:00Z,96.0,0.0,2022-09-21T18:00:00Z,96,2022-09-25T18:00:00Z
2022264N17132-CE02-L120,2022264N17132-CE02,2022264N17132,coastal_approach,2022-09-25T18:00:00Z,15.500000000000002,119.9,120,2022-09-20T18:00:00Z,120.0,0.0,2022-09-20T18:00:00Z,120,2022-09-25T18:00:00Z
2022266N12294-CE01-L024,2022266N12294-CE01,2022266N12294,landfall,2022-09-27T08:19:45.669003Z,22.1726989674928,-83.69315619845587,24,2022-09-26T08:19:45.669003Z,26.329352500833334,-2.3293525008333336,2022-09-26T06:00:00Z,30,2022-09-27T12:00:00Z
2022266N12294-CE01-L048,2022266N12294-CE01,2022266N12294,landfall,2022-09-27T08:19:45.669003Z,22.1726989674928,-83.69315619845587,48,2022-09-25T08:19:45.669003Z,50.32935250083333,-2.3293525008333336,2022-09-25T06:00:00Z,54,2022-09-27T12:00:00Z
2022266N12294-CE01-L072,2022266N12294-CE01,2022266N12294,landfall,2022-09-27T08:19:45.669003Z,22.1726989674928,-83.69315619845587,72,2022-09-24T08:19:45.669003Z,74.32935250083334,-2.3293525008333336,2022-09-24T06:00:00Z,78,2022-09-27T12:00:00Z
2022266N12294-CE01-L096,2022266N12294-CE01,2022266N12294,landfall,2022-09-27T08:19:45.669003Z,22.1726989674928,-83.69315619845587,96,2022-09-23T08:19:45.669003Z,98.32935250083334,-2.3293525008333336,2022-09-23T06:00:00Z,102,2022-09-27T12:00:00Z
2022266N12294-CE01-L120,2022266N12294-CE01,2022266N12294,landfall,2022-09-27T08:19:45.669003Z,22.1726989674928,-83.69315619845587,120,2022-09-22T08:19:45.669003Z,122.32935250083334,-2.3293525008333336,2022-09-22T06:00:00Z,126,2022-09-27T12:00:00Z
2022264N17132-CE03-L024,2022264N17132-CE03,2022264N17132,landfall,2022-09-27T20:14:55.194191Z,15.800107968561184,108.42522244706169,24,2022-09-26T20:14:55.194191Z,26.248665053055557,-2.2486650530555554,2022-09-26T18:00:00Z,30,2022-09-28T00:00:00Z
2022264N17132-CE03-L048,2022264N17132-CE03,2022264N17132,landfall,2022-09-27T20:14:55.194191Z,15.800107968561184,108.42522244706169,48,2022-09-25T20:14:55.194191Z,50.248665053055554,-2.2486650530555554,2022-09-25T18:00:00Z,54,2022-09-28T00:00:00Z
2022264N17132-CE03-L072,2022264N17132-CE03,2022264N17132,landfall,2022-09-27T20:14:55.194191Z,15.800107968561184,108.42522244706169,72,2022-09-24T20:14:55.194191Z,74.24866505305556,-2.2486650530555554,2022-09-24T18:00:00Z,78,2022-09-28T00:00:00Z
2022264N17132-CE03-L096,2022264N17132-CE03,2022264N17132,landfall,2022-09-27T20:14:55.194191Z,15.800107968561184,108.42522244706169,96,2022-09-23T20:14:55.194191Z,98.24866505305556,-2.2486650530555554,2022-09-23T18:00:00Z,102,2022-09-28T00:00:00Z
2022264N17132-CE03-L120,2022264N17132-CE03,2022264N17132,landfall,2022-09-27T20:14:55.194191Z,15.800107968561184,108.42522244706169,120,2022-09-22T20:14:55.194191Z,122.24866505305556,-2.2486650530555554,2022-09-22T18:00:00Z,126,2022-09-28T00:00:00Z
2022266N12294-CE02-L024,2022266N12294-CE02,2022266N12294,landfall,2022-09-29T11:46:45.090075Z,28.370569688394763,-80.61477150667038,24,2022-09-28T11:46:45.090075Z,23.7791916875,0.22080831250000002,2022-09-28T12:00:00Z,24,2022-09-29T12:00:00Z
2022266N12294-CE02-L048,2022266N12294-CE02,2022266N12294,landfall,2022-09-29T11:46:45.090075Z,28.370569688394763,-80.61477150667038,48,2022-09-27T11:46:45.090075Z,47.779191687499996,0.22080831250000002,2022-09-27T12:00:00Z,48,2022-09-29T12:00:00Z
2022266N12294-CE02-L072,2022266N12294-CE02,2022266N12294,landfall,2022-09-29T11:46:45.090075Z,28.370569688394763,-80.61477150667038,72,2022-09-26T11:46:45.090075Z,71.7791916875,0.22080831250000002,2022-09-26T12:00:00Z,72,2022-09-29T12:00:00Z
2022266N12294-CE02-L096,2022266N12294-CE02,2022266N12294,landfall,2022-09-29T11:46:45.090075Z,28.370569688394763,-80.61477150667038,96,2022-09-25T11:46:45.090075Z,95.7791916875,0.22080831250000002,2022-09-25T12:00:00Z,96,2022-09-29T12:00:00Z
2022266N12294-CE02-L120,2022266N12294-CE02,2022266N12294,landfall,2022-09-29T11:46:45.090075Z,28.370569688394763,-80.61477150667038,120,2022-09-24T11:46:45.090075Z,119.7791916875,0.22080831250000002,2022-09-24T12:00:00Z,120,2022-09-29T12:00:00Z
2022272N14258-CE01-L024,2022272N14258-CE01,2022272N14258,landfall,2022-10-03T05:22:05.227941Z,21.59469394753364,-106.6211195577918,24,2022-10-02T05:22:05.227941Z,23.368118872500002,0.6318811274999999,2022-10-02T06:00:00Z,24,2022-10-03T06:00:00Z
2022272N14258-CE01-L048,2022272N14258-CE01,2022272N14258,landfall,2022-10-03T05:22:05.227941Z,21.59469394753364,-106.6211195577918,48,2022-10-01T05:22:05.227941Z,47.3681188725,0.6318811274999999,2022-10-01T06:00:00Z,48,2022-10-03T06:00:00Z
2022272N14258-CE01-L072,2022272N14258-CE01,2022272N14258,landfall,2022-10-03T05:22:05.227941Z,21.59469394753364,-106.6211195577918,72,2022-09-30T05:22:05.227941Z,71.36811887249999,0.6318811274999999,2022-09-30T06:00:00Z,72,2022-10-03T06:00:00Z
2022272N14258-CE01-L096,2022272N14258-CE01,2022272N14258,landfall,2022-10-03T05:22:05.227941Z,21.59469394753364,-106.6211195577918,96,2022-09-29T05:22:05.227941Z,95.3681188725,0.6318811274999999,2022-09-29T06:00:00Z,96,2022-10-03T06:00:00Z
2022272N14258-CE01-L120,2022272N14258-CE01,2022272N14258,landfall,2022-10-03T05:22:05.227941Z,21.59469394753364,-106.6211195577918,120,2022-09-28T05:22:05.227941Z,119.3681188725,0.6318811274999999,2022-09-28T06:00:00Z,120,2022-10-03T06:00:00Z
2022280N11294-CE01-L024,2022280N11294-CE01,2022280N11294,landfall,2022-10-09T06:47:54.174843Z,12.400038255018789,-83.49161166025321,24,2022-10-08T06:47:54.174843Z,24.798381900833334,-0.7983819008333333,2022-10-08T06:00:00Z,30,2022-10-09T12:00:00Z
2022280N11294-CE01-L048,2022280N11294-CE01,2022280N11294,landfall,2022-10-09T06:47:54.174843Z,12.400038255018789,-83.49161166025321,48,2022-10-07T06:47:54.174843Z,48.79838190083333,-0.7983819008333333,2022-10-07T06:00:00Z,54,2022-10-09T12:00:00Z
2022280N11294-CE01-L072,2022280N11294-CE01,2022280N11294,landfall,2022-10-09T06:47:54.174843Z,12.400038255018789,-83.49161166025321,72,2022-10-06T06:47:54.174843Z,72.79838190083333,-0.7983819008333333,2022-10-06T06:00:00Z,78,2022-10-09T12:00:00Z
2022280N11294-CE01-L096,2022280N11294-CE01,2022280N11294,landfall,2022-10-09T06:47:54.174843Z,12.400038255018789,-83.49161166025321,96,2022-10-05T06:47:54.174843Z,96.79838190083333,-0.7983819008333333,2022-10-05T06:00:00Z,102,2022-10-09T12:00:00Z
2022280N11294-CE01-L120,2022280N11294-CE01,2022280N11294,landfall,2022-10-09T06:47:54.174843Z,12.400038255018789,-83.49161166025321,120,2022-10-04T06:47:54.174843Z,120.79838190083333,-0.7983819008333333,2022-10-04T06:00:00Z,126,2022-10-09T12:00:00Z
2022285N17140-CE01-L024,2022285N17140-CE01,2022285N17140,coastal_approach,2022-10-15T21:30:00Z,19.216761551702536,121.51670877221956,24,2022-10-14T21:30:00Z,21.5,2.5,2022-10-15T00:00:00Z,24,2022-10-16T00:00:00Z
2022285N17140-CE01-L048,2022285N17140-CE01,2022285N17140,coastal_approach,2022-10-15T21:30:00Z,19.216761551702536,121.51670877221956,48,2022-10-13T21:30:00Z,45.5,2.5,2022-10-14T00:00:00Z,48,2022-10-16T00:00:00Z
2022285N17140-CE01-L072,2022285N17140-CE01,2022285N17140,coastal_approach,2022-10-15T21:30:00Z,19.216761551702536,121.51670877221956,72,2022-10-12T21:30:00Z,69.5,2.5,2022-10-13T00:00:00Z,72,2022-10-16T00:00:00Z
2022285N17140-CE01-L096,2022285N17140-CE01,2022285N17140,coastal_approach,2022-10-15T21:30:00Z,19.216761551702536,121.51670877221956,96,2022-10-11T21:30:00Z,93.5,2.5,2022-10-12T00:00:00Z,96,2022-10-16T00:00:00Z
2022285N17140-CE01-L120,2022285N17140-CE01,2022285N17140,coastal_approach,2022-10-15T21:30:00Z,19.216761551702536,121.51670877221956,120,2022-10-10T21:30:00Z,117.5,2.5,2022-10-11T00:00:00Z,120,2022-10-16T00:00:00Z
2022285N17140-CE02-L024,2022285N17140-CE02,2022285N17140,coastal_approach,2022-10-18T15:00:00Z,17.400000000000002,112.1,24,2022-10-17T15:00:00Z,27.0,-3.0,2022-10-17T12:00:00Z,30,2022-10-18T18:00:00Z
2022285N17140-CE02-L048,2022285N17140-CE02,2022285N17140,coastal_approach,2022-10-18T15:00:00Z,17.400000000000002,112.1,48,2022-10-16T15:00:00Z,51.0,-3.0,2022-10-16T12:00:00Z,54,2022-10-18T18:00:00Z
2022285N17140-CE02-L072,2022285N17140-CE02,2022285N17140,coastal_approach,2022-10-18T15:00:00Z,17.400000000000002,112.1,72,2022-10-15T15:00:00Z,75.0,-3.0,2022-10-15T12:00:00Z,78,2022-10-18T18:00:00Z
2022285N17140-CE02-L096,2022285N17140-CE02,2022285N17140,coastal_approach,2022-10-18T15:00:00Z,17.400000000000002,112.1,96,2022-10-14T15:00:00Z,99.0,-3.0,2022-10-14T12:00:00Z,102,2022-10-18T18:00:00Z
2022285N17140-CE02-L120,2022285N17140-CE02,2022285N17140,coastal_approach,2022-10-18T15:00:00Z,17.400000000000002,112.1,120,2022-10-13T15:00:00Z,123.0,-3.0,2022-10-13T12:00:00Z,126,2022-10-18T18:00:00Z
2022293N15259-CE01-L024,2022293N15259-CE01,2022293N15259,landfall,2022-10-23T11:21:56.646017Z,21.909722020977437,-105.59514622085166,24,2022-10-22T11:21:56.646017Z,23.365735004722225,0.6342649952777778,2022-10-22T12:00:00Z,24,2022-10-23T12:00:00Z
2022293N15259-CE01-L048,2022293N15259-CE01,2022293N15259,landfall,2022-10-23T11:21:56.646017Z,21.909722020977437,-105.59514622085166,48,2022-10-21T11:21:56.646017Z,47.36573500472222,0.6342649952777778,2022-10-21T12:00:00Z,48,2022-10-23T12:00:00Z
2022293N15259-CE01-L072,2022293N15259-CE01,2022293N15259,landfall,2022-10-23T11:21:56.646017Z,21.909722020977437,-105.59514622085166,72,2022-10-20T11:21:56.646017Z,71.36573500472223,0.6342649952777778,2022-10-20T12:00:00Z,72,2022-10-23T12:00:00Z
2022293N15259-CE01-L096,2022293N15259-CE01,2022293N15259,landfall,2022-10-23T11:21:56.646017Z,21.909722020977437,-105.59514622085166,96,2022-10-19T11:21:56.646017Z,95.36573500472223,0.6342649952777778,2022-10-19T12:00:00Z,96,2022-10-23T12:00:00Z
2022293N15259-CE01-L120,2022293N15259-CE01,2022293N15259,landfall,2022-10-23T11:21:56.646017Z,21.909722020977437,-105.59514622085166,120,2022-10-18T11:21:56.646017Z,119.36573500472223,0.6342649952777778,2022-10-18T12:00:00Z,120,2022-10-23T12:00:00Z
2022304N16287-CE01-L024,2022304N16287-CE01,2022304N16287,landfall,2022-11-02T18:36:22.642462Z,17.320310412981698,-87.80100454311736,24,2022-11-01T18:36:22.642462Z,24.60628957277778,-0.6062895727777777,2022-11-01T18:00:00Z,30,2022-11-03T00:00:00Z
2022304N16287-CE01-L048,2022304N16287-CE01,2022304N16287,landfall,2022-11-02T18:36:22.642462Z,17.320310412981698,-87.80100454311736,48,2022-10-31T18:36:22.642462Z,48.606289572777776,-0.6062895727777777,2022-10-31T18:00:00Z,54,2022-11-03T00:00:00Z
2022304N16287-CE01-L072,2022304N16287-CE01,2022304N16287,landfall,2022-11-02T18:36:22.642462Z,17.320310412981698,-87.80100454311736,72,2022-10-30T18:36:22.642462Z,72.60628957277777,-0.6062895727777777,2022-10-30T18:00:00Z,78,2022-11-03T00:00:00Z
2022304N16287-CE01-L096,2022304N16287-CE01,2022304N16287,landfall,2022-11-02T18:36:22.642462Z,17.320310412981698,-87.80100454311736,96,2022-10-29T18:36:22.642462Z,96.60628957277778,-0.6062895727777777,2022-10-29T18:00:00Z,102,2022-11-03T00:00:00Z
2022304N16287-CE01-L120,2022304N16287-CE01,2022304N16287,landfall,2022-11-02T18:36:22.642462Z,17.320310412981698,-87.80100454311736,120,2022-10-28T18:36:22.642462Z,120.60628957277778,-0.6062895727777777,2022-10-28T18:00:00Z,126,2022-11-03T00:00:00Z
2022299N11134-CE01-L024,2022299N11134-CE01,2022299N11134,landfall,2022-11-02T21:42:18.007642Z,22.100049503062653,113.52949980620144,24,2022-11-01T21:42:18.007642Z,21.705002122777778,2.294997877222222,2022-11-02T00:00:00Z,24,2022-11-03T00:00:00Z
2022299N11134-CE01-L048,2022299N11134-CE01,2022299N11134,landfall,2022-11-02T21:42:18.007642Z,22.100049503062653,113.52949980620144,48,2022-10-31T21:42:18.007642Z,45.70500212277778,2.294997877222222,2022-11-01T00:00:00Z,48,2022-11-03T00:00:00Z
2022299N11134-CE01-L072,2022299N11134-CE01,2022299N11134,landfall,2022-11-02T21:42:18.007642Z,22.100049503062653,113.52949980620144,72,2022-10-30T21:42:18.007642Z,69.70500212277778,2.294997877222222,2022-10-31T00:00:00Z,72,2022-11-03T00:00:00Z
2022299N11134-CE01-L096,2022299N11134-CE01,2022299N11134,landfall,2022-11-02T21:42:18.007642Z,22.100049503062653,113.52949980620144,96,2022-10-29T21:42:18.007642Z,93.70500212277777,2.294997877222222,2022-10-30T00:00:00Z,96,2022-11-03T00:00:00Z
2022299N11134-CE01-L120,2022299N11134-CE01,2022299N11134,landfall,2022-11-02T21:42:18.007642Z,22.100049503062653,113.52949980620144,120,2022-10-28T21:42:18.007642Z,117.70500212277777,2.294997877222222,2022-10-29T00:00:00Z,120,2022-11-03T00:00:00Z
2022311N21293-CE01-L024,2022311N21293-CE01,2022311N21293,landfall,2022-11-09T16:42:12.523458Z,26.500070787701887,-77.0406958051704,24,2022-11-08T16:42:12.523458Z,22.70347873833333,1.2965212616666668,2022-11-08T18:00:00Z,24,2022-11-09T18:00:00Z
2022311N21293-CE01-L048,2022311N21293-CE01,2022311N21293,landfall,2022-11-09T16:42:12.523458Z,26.500070787701887,-77.0406958051704,48,2022-11-07T16:42:12.523458Z,46.70347873833334,1.2965212616666668,2022-11-07T18:00:00Z,48,2022-11-09T18:00:00Z
2022311N21293-CE01-L072,2022311N21293-CE01,2022311N21293,landfall,2022-11-09T16:42:12.523458Z,26.500070787701887,-77.0406958051704,72,2022-11-06T16:42:12.523458Z,70.70347873833333,1.2965212616666668,2022-11-06T18:00:00Z,72,2022-11-09T18:00:00Z
2022311N21293-CE01-L096,2022311N21293-CE01,2022311N21293,landfall,2022-11-09T16:42:12.523458Z,26.500070787701887,-77.0406958051704,96,2022-11-05T16:42:12.523458Z,94.70347873833333,1.2965212616666668,2022-11-05T18:00:00Z,96,2022-11-09T18:00:00Z
2022311N21293-CE01-L120,2022311N21293-CE01,2022311N21293,landfall,2022-11-09T16:42:12.523458Z,26.500070787701887,-77.0406958051704,120,2022-11-04T16:42:12.523458Z,118.70347873833333,1.2965212616666668,2022-11-04T18:00:00Z,120,2022-11-09T18:00:00Z
2023036S12163-CE02-L024,2023036S12163-CE02,2023036S12163,coastal_approach,2023-02-11T10:52:30Z,-29.187930433750044,167.9370232141685,24,2023-02-10T10:52:30Z,22.875,1.125,2023-02-10T12:00:00Z,24,2023-02-11T12:00:00Z
2023036S12163-CE02-L048,2023036S12163-CE02,2023036S12163,coastal_approach,2023-02-11T10:52:30Z,-29.187930433750044,167.9370232141685,48,2023-02-09T10:52:30Z,46.875,1.125,2023-02-09T12:00:00Z,48,2023-02-11T12:00:00Z
2023036S12163-CE02-L072,2023036S12163-CE02,2023036S12163,coastal_approach,2023-02-11T10:52:30Z,-29.187930433750044,167.9370232141685,72,2023-02-08T10:52:30Z,70.875,1.125,2023-02-08T12:00:00Z,72,2023-02-11T12:00:00Z
2023036S12163-CE02-L096,2023036S12163-CE02,2023036S12163,coastal_approach,2023-02-11T10:52:30Z,-29.187930433750044,167.9370232141685,96,2023-02-07T10:52:30Z,94.875,1.125,2023-02-07T12:00:00Z,96,2023-02-11T12:00:00Z
2023036S12163-CE02-L120,2023036S12163-CE02,2023036S12163,coastal_approach,2023-02-11T10:52:30Z,-29.187930433750044,167.9370232141685,120,2023-02-06T10:52:30Z,118.875,1.125,2023-02-06T12:00:00Z,120,2023-02-11T12:00:00Z
2023036S12117-CE02-L024,2023036S12117-CE02,2023036S12117,landfall,2023-02-21T16:12:04.271100Z,-20.98033337200677,48.45995458992495,24,2023-02-20T16:12:04.271100Z,22.201186416666665,1.7988135833333334,2023-02-20T18:00:00Z,24,2023-02-21T18:00:00Z
2023036S12117-CE02-L048,2023036S12117-CE02,2023036S12117,landfall,2023-02-21T16:12:04.271100Z,-20.98033337200677,48.45995458992495,48,2023-02-19T16:12:04.271100Z,46.20118641666667,1.7988135833333334,2023-02-19T18:00:00Z,48,2023-02-21T18:00:00Z
2023036S12117-CE02-L072,2023036S12117-CE02,2023036S12117,landfall,2023-02-21T16:12:04.271100Z,-20.98033337200677,48.45995458992495,72,2023-02-18T16:12:04.271100Z,70.20118641666667,1.7988135833333334,2023-02-18T18:00:00Z,72,2023-02-21T18:00:00Z
2023036S12117-CE02-L096,2023036S12117-CE02,2023036S12117,landfall,2023-02-21T16:12:04.271100Z,-20.98033337200677,48.45995458992495,96,2023-02-17T16:12:04.271100Z,94.20118641666667,1.7988135833333334,2023-02-17T18:00:00Z,96,2023-02-21T18:00:00Z
2023036S12117-CE02-L120,2023036S12117-CE02,2023036S12117,landfall,2023-02-21T16:12:04.271100Z,-20.98033337200677,48.45995458992495,120,2023-02-16T16:12:04.271100Z,118.20118641666667,1.7988135833333334,2023-02-16T18:00:00Z,120,2023-02-21T18:00:00Z
2023036S12117-CE03-L024,2023036S12117-CE03,2023036S12117,landfall,2023-02-24T11:36:05.227781Z,-22.400032060698024,35.539854766994694,24,2023-02-23T11:36:05.227781Z,23.601452161388888,0.3985478386111111,2023-02-23T12:00:00Z,24,2023-02-24T12:00:00Z
2023036S12117-CE03-L048,2023036S12117-CE03,2023036S12117,landfall,2023-02-24T11:36:05.227781Z,-22.400032060698024,35.539854766994694,48,2023-02-22T11:36:05.227781Z,47.601452161388885,0.3985478386111111,2023-02-22T12:00:00Z,48,2023-02-24T12:00:00Z
2023036S12117-CE03-L072,2023036S12117-CE03,2023036S12117,landfall,2023-02-24T11:36:05.227781Z,-22.400032060698024,35.539854766994694,72,2023-02-21T11:36:05.227781Z,71.60145216138889,0.3985478386111111,2023-02-21T12:00:00Z,72,2023-02-24T12:00:00Z
2023036S12117-CE03-L096,2023036S12117-CE03,2023036S12117,landfall,2023-02-24T11:36:05.227781Z,-22.400032060698024,35.539854766994694,96,2023-02-20T11:36:05.227781Z,95.60145216138889,0.3985478386111111,2023-02-20T12:00:00Z,96,2023-02-24T12:00:00Z
2023036S12117-CE03-L120,2023036S12117-CE03,2023036S12117,landfall,2023-02-24T11:36:05.227781Z,-22.400032060698024,35.539854766994694,120,2023-02-19T11:36:05.227781Z,119.60145216138889,0.3985478386111111,2023-02-19T12:00:00Z,120,2023-02-24T12:00:00Z
2023055S14184-CE01-L024,2023055S14184-CE01,2023055S14184,landfall,2023-02-28T09:54:35.875633Z,-15.18199647787202,168.2,24,2023-02-27T09:54:35.875633Z,21.90996545361111,2.090034546388889,2023-02-27T12:00:00Z,24,2023-02-28T12:00:00Z
2023055S14184-CE01-L048,2023055S14184-CE01,2023055S14184,landfall,2023-02-28T09:54:35.875633Z,-15.18199647787202,168.2,48,2023-02-26T09:54:35.875633Z,45.90996545361111,2.090034546388889,2023-02-26T12:00:00Z,48,2023-02-28T12:00:00Z
2023055S14184-CE01-L072,2023055S14184-CE01,2023055S14184,landfall,2023-02-28T09:54:35.875633Z,-15.18199647787202,168.2,72,2023-02-25T09:54:35.875633Z,69.90996545361111,2.090034546388889,2023-02-25T12:00:00Z,72,2023-02-28T12:00:00Z
2023055S14184-CE01-L096,2023055S14184-CE01,2023055S14184,landfall,2023-02-28T09:54:35.875633Z,-15.18199647787202,168.2,96,2023-02-24T09:54:35.875633Z,93.90996545361111,2.090034546388889,2023-02-24T12:00:00Z,96,2023-02-28T12:00:00Z
2023055S14184-CE01-L120,2023055S14184-CE01,2023055S14184,landfall,2023-02-28T09:54:35.875633Z,-15.18199647787202,168.2,120,2023-02-23T09:54:35.875633Z,117.90996545361111,2.090034546388889,2023-02-23T12:00:00Z,120,2023-02-28T12:00:00Z
2023059S15149-CE01-L024,2023059S15149-CE01,2023059S15149,landfall,2023-03-03T13:26:30.178040Z,-18.840530545611863,168.98789976326276,24,2023-03-02T13:26:30.178040Z,25.44171612222222,-1.4417161222222221,2023-03-02T12:00:00Z,30,2023-03-03T18:00:00Z
2023059S15149-CE01-L048,2023059S15149-CE01,2023059S15149,landfall,2023-03-03T13:26:30.178040Z,-18.840530545611863,168.98789976326276,48,2023-03-01T13:26:30.178040Z,49.441716122222225,-1.4417161222222221,2023-03-01T12:00:00Z,54,2023-03-03T18:00:00Z
2023059S15149-CE01-L072,2023059S15149-CE01,2023059S15149,landfall,2023-03-03T13:26:30.178040Z,-18.840530545611863,168.98789976326276,72,2023-02-28T13:26:30.178040Z,73.44171612222223,-1.4417161222222221,2023-02-28T12:00:00Z,78,2023-03-03T18:00:00Z
2023059S15149-CE01-L096,2023059S15149-CE01,2023059S15149,landfall,2023-03-03T13:26:30.178040Z,-18.840530545611863,168.98789976326276,96,2023-02-27T13:26:30.178040Z,97.44171612222223,-1.4417161222222221,2023-02-27T12:00:00Z,102,2023-03-03T18:00:00Z
2023059S15149-CE01-L120,2023059S15149-CE01,2023059S15149,landfall,2023-03-03T13:26:30.178040Z,-18.840530545611863,168.98789976326276,120,2023-02-26T13:26:30.178040Z,121.44171612222223,-1.4417161222222221,2023-02-26T12:00:00Z,126,2023-03-03T18:00:00Z
2023036S12117-CE05-L024,2023036S12117-CE05,2023036S12117,coastal_approach,2023-03-08T02:24:00Z,-21.96004477261772,40.75989896364822,24,2023-03-07T02:24:00Z,26.4,-2.4,2023-03-07T00:00:00Z,30,2023-03-08T06:00:00Z
2023036S12117-CE05-L048,2023036S12117-CE05,2023036S12117,coastal_approach,2023-03-08T02:24:00Z,-21.96004477261772,40.75989896364822,48,2023-03-06T02:24:00Z,50.4,-2.4,2023-03-06T00:00:00Z,54,2023-03-08T06:00:00Z
2023036S12117-CE05-L072,2023036S12117-CE05,2023036S12117,coastal_approach,2023-03-08T02:24:00Z,-21.96004477261772,40.75989896364822,72,2023-03-05T02:24:00Z,74.4,-2.4,2023-03-05T00:00:00Z,78,2023-03-08T06:00:00Z
2023036S12117-CE05-L096,2023036S12117-CE05,2023036S12117,coastal_approach,2023-03-08T02:24:00Z,-21.96004477261772,40.75989896364822,96,2023-03-04T02:24:00Z,98.4,-2.4,2023-03-04T00:00:00Z,102,2023-03-08T06:00:00Z
2023036S12117-CE05-L120,2023036S12117-CE05,2023036S12117,coastal_approach,2023-03-08T02:24:00Z,-21.96004477261772,40.75989896364822,120,2023-03-03T02:24:00Z,122.4,-2.4,2023-03-03T00:00:00Z,126,2023-03-08T06:00:00Z
2023036S12117-CE06-L024,2023036S12117-CE06,2023036S12117,landfall,2023-03-11T18:17:15.627884Z,-17.780830718028394,37.18080247284273,24,2023-03-10T18:17:15.627884Z,24.287674412222223,-0.28767441222222223,2023-03-10T18:00:00Z,30,2023-03-12T00:00:00Z
2023036S12117-CE06-L048,2023036S12117-CE06,2023036S12117,landfall,2023-03-11T18:17:15.627884Z,-17.780830718028394,37.18080247284273,48,2023-03-09T18:17:15.627884Z,48.287674412222216,-0.28767441222222223,2023-03-09T18:00:00Z,54,2023-03-12T00:00:00Z
2023036S12117-CE06-L072,2023036S12117-CE06,2023036S12117,landfall,2023-03-11T18:17:15.627884Z,-17.780830718028394,37.18080247284273,72,2023-03-08T18:17:15.627884Z,72.28767441222222,-0.28767441222222223,2023-03-08T18:00:00Z,78,2023-03-12T00:00:00Z
2023036S12117-CE06-L096,2023036S12117-CE06,2023036S12117,landfall,2023-03-11T18:17:15.627884Z,-17.780830718028394,37.18080247284273,96,2023-03-07T18:17:15.627884Z,96.28767441222223,-0.28767441222222223,2023-03-07T18:00:00Z,102,2023-03-12T00:00:00Z
2023036S12117-CE06-L120,2023036S12117-CE06,2023036S12117,landfall,2023-03-11T18:17:15.627884Z,-17.780830718028394,37.18080247284273,120,2023-03-06T18:17:15.627884Z,120.28767441222223,-0.28767441222222223,2023-03-06T18:00:00Z,126,2023-03-12T00:00:00Z
2023096S07135-CE01-L024,2023096S07135-CE01,2023096S07135,landfall,2023-04-13T15:53:46.197017Z,-20.079236007683807,119.58960481110884,24,2023-04-12T15:53:46.197017Z,21.896165838055555,2.1038341619444445,2023-04-12T18:00:00Z,24,2023-04-13T18:00:00Z
2023096S07135-CE01-L048,2023096S07135-CE01,2023096S07135,landfall,2023-04-13T15:53:46.197017Z,-20.079236007683807,119.58960481110884,48,2023-04-11T15:53:46.197017Z,45.89616583805555,2.1038341619444445,2023-04-11T18:00:00Z,48,2023-04-13T18:00:00Z
2023096S07135-CE01-L072,2023096S07135-CE01,2023096S07135,landfall,2023-04-13T15:53:46.197017Z,-20.079236007683807,119.58960481110884,72,2023-04-10T15:53:46.197017Z,69.89616583805555,2.1038341619444445,2023-04-10T18:00:00Z,72,2023-04-13T18:00:00Z
2023096S07135-CE01-L096,2023096S07135-CE01,2023096S07135,landfall,2023-04-13T15:53:46.197017Z,-20.079236007683807,119.58960481110884,96,2023-04-09T15:53:46.197017Z,93.89616583805555,2.1038341619444445,2023-04-09T18:00:00Z,96,2023-04-13T18:00:00Z
2023096S07135-CE01-L120,2023096S07135-CE01,2023096S07135,landfall,2023-04-13T15:53:46.197017Z,-20.079236007683807,119.58960481110884,120,2023-04-08T15:53:46.197017Z,117.89616583805555,2.1038341619444445,2023-04-08T18:00:00Z,120,2023-04-13T18:00:00Z
2023129N08091-CE01-L024,2023129N08091-CE01,2023129N08091,landfall,2023-05-14T07:45:05.342700Z,20.19197959909421,92.77491616522607,24,2023-05-13T07:45:05.342700Z,25.75148408333333,-1.7514840833333334,2023-05-13T06:00:00Z,30,2023-05-14T12:00:00Z
2023129N08091-CE01-L048,2023129N08091-CE01,2023129N08091,landfall,2023-05-14T07:45:05.342700Z,20.19197959909421,92.77491616522607,48,2023-05-12T07:45:05.342700Z,49.75148408333334,-1.7514840833333334,2023-05-12T06:00:00Z,54,2023-05-14T12:00:00Z
2023129N08091-CE01-L072,2023129N08091-CE01,2023129N08091,landfall,2023-05-14T07:45:05.342700Z,20.19197959909421,92.77491616522607,72,2023-05-11T07:45:05.342700Z,73.75148408333332,-1.7514840833333334,2023-05-11T06:00:00Z,78,2023-05-14T12:00:00Z
2023129N08091-CE01-L096,2023129N08091-CE01,2023129N08091,landfall,2023-05-14T07:45:05.342700Z,20.19197959909421,92.77491616522607,96,2023-05-10T07:45:05.342700Z,97.75148408333332,-1.7514840833333334,2023-05-10T06:00:00Z,102,2023-05-14T12:00:00Z
2023129N08091-CE01-L120,2023129N08091-CE01,2023129N08091,landfall,2023-05-14T07:45:05.342700Z,20.19197959909421,92.77491616522607,120,2023-05-09T07:45:05.342700Z,121.75148408333332,-1.7514840833333334,2023-05-09T06:00:00Z,126,2023-05-14T12:00:00Z
2023138N05151-CE03-L024,2023138N05151-CE03,2023138N05151,coastal_approach,2023-05-24T09:45:00Z,13.725034267285071,144.92502386200894,24,2023-05-23T09:45:00Z,21.75,2.25,2023-05-23T12:00:00Z,24,2023-05-24T12:00:00Z
2023138N05151-CE03-L048,2023138N05151-CE03,2023138N05151,coastal_approach,2023-05-24T09:45:00Z,13.725034267285071,144.92502386200894,48,2023-05-22T09:45:00Z,45.75,2.25,2023-05-22T12:00:00Z,48,2023-05-24T12:00:00Z
2023138N05151-CE03-L072,2023138N05151-CE03,2023138N05151,coastal_approach,2023-05-24T09:45:00Z,13.725034267285071,144.92502386200894,72,2023-05-21T09:45:00Z,69.75,2.25,2023-05-21T12:00:00Z,72,2023-05-24T12:00:00Z
2023138N05151-CE03-L096,2023138N05151-CE03,2023138N05151,coastal_approach,2023-05-24T09:45:00Z,13.725034267285071,144.92502386200894,96,2023-05-20T09:45:00Z,93.75,2.25,2023-05-20T12:00:00Z,96,2023-05-24T12:00:00Z
2023138N05151-CE03-L120,2023138N05151-CE03,2023138N05151,coastal_approach,2023-05-24T09:45:00Z,13.725034267285071,144.92502386200894,120,2023-05-19T09:45:00Z,117.75,2.25,2023-05-19T12:00:00Z,120,2023-05-24T12:00:00Z
2023138N05151-CE06-L024,2023138N05151-CE06,2023138N05151,landfall,2023-06-01T15:43:25.660619Z,26.420795770331534,127.72023638991584,24,2023-05-31T15:43:25.660619Z,21.72379461638889,2.276205383611111,2023-05-31T18:00:00Z,24,2023-06-01T18:00:00Z
2023138N05151-CE06-L048,2023138N05151-CE06,2023138N05151,landfall,2023-06-01T15:43:25.660619Z,26.420795770331534,127.72023638991584,48,2023-05-30T15:43:25.660619Z,45.723794616388886,2.276205383611111,2023-05-30T18:00:00Z,48,2023-06-01T18:00:00Z
2023138N05151-CE06-L072,2023138N05151-CE06,2023138N05151,landfall,2023-06-01T15:43:25.660619Z,26.420795770331534,127.72023638991584,72,2023-05-29T15:43:25.660619Z,69.72379461638889,2.276205383611111,2023-05-29T18:00:00Z,72,2023-06-01T18:00:00Z
2023138N05151-CE06-L096,2023138N05151-CE06,2023138N05151,landfall,2023-06-01T15:43:25.660619Z,26.420795770331534,127.72023638991584,96,2023-05-28T15:43:25.660619Z,93.72379461638889,2.276205383611111,2023-05-28T18:00:00Z,96,2023-06-01T18:00:00Z
2023138N05151-CE06-L120,2023138N05151-CE06,2023138N05151,landfall,2023-06-01T15:43:25.660619Z,26.420795770331534,127.72023638991584,120,2023-05-27T15:43:25.660619Z,117.72379461638889,2.276205383611111,2023-05-27T18:00:00Z,120,2023-06-01T18:00:00Z
2023156N12135-CE01-L024,2023156N12135-CE01,2023156N12135,coastal_approach,2023-06-11T04:00:00Z,23.800185408211853,132.1661549207511,24,2023-06-10T04:00:00Z,22.0,2.0,2023-06-10T06:00:00Z,24,2023-06-11T06:00:00Z
2023156N12135-CE01-L048,2023156N12135-CE01,2023156N12135,coastal_approach,2023-06-11T04:00:00Z,23.800185408211853,132.1661549207511,48,2023-06-09T04:00:00Z,46.0,2.0,2023-06-09T06:00:00Z,48,2023-06-11T06:00:00Z
2023156N12135-CE01-L072,2023156N12135-CE01,2023156N12135,coastal_approach,2023-06-11T04:00:00Z,23.800185408211853,132.1661549207511,72,2023-06-08T04:00:00Z,70.0,2.0,2023-06-08T06:00:00Z,72,2023-06-11T06:00:00Z
2023156N12135-CE01-L096,2023156N12135-CE01,2023156N12135,coastal_approach,2023-06-11T04:00:00Z,23.800185408211853,132.1661549207511,96,2023-06-07T04:00:00Z,94.0,2.0,2023-06-07T06:00:00Z,96,2023-06-11T06:00:00Z
2023156N12135-CE01-L120,2023156N12135-CE01,2023156N12135,coastal_approach,2023-06-11T04:00:00Z,23.800185408211853,132.1661549207511,120,2023-06-06T04:00:00Z,118.0,2.0,2023-06-06T06:00:00Z,120,2023-06-11T06:00:00Z
2023180N13264-CE01-L024,2023180N13264-CE01,2023180N13264,landfall,2023-07-01T05:30:57.408755Z,19.135519446909328,-104.5353298791894,24,2023-06-30T05:30:57.408755Z,23.515946876388888,0.48405312361111114,2023-06-30T06:00:00Z,24,2023-07-01T06:00:00Z
2023180N13264-CE01-L048,2023180N13264-CE01,2023180N13264,landfall,2023-07-01T05:30:57.408755Z,19.135519446909328,-104.5353298791894,48,2023-06-29T05:30:57.408755Z,47.515946876388895,0.48405312361111114,2023-06-29T06:00:00Z,48,2023-07-01T06:00:00Z
2023180N13264-CE01-L072,2023180N13264-CE01,2023180N13264,landfall,2023-07-01T05:30:57.408755Z,19.135519446909328,-104.5353298791894,72,2023-06-28T05:30:57.408755Z,71.5159468763889,0.48405312361111114,2023-06-28T06:00:00Z,72,2023-07-01T06:00:00Z
2023180N13264-CE01-L096,2023180N13264-CE01,2023180N13264,landfall,2023-07-01T05:30:57.408755Z,19.135519446909328,-104.5353298791894,96,2023-06-27T05:30:57.408755Z,95.51594687638888,0.48405312361111114,2023-06-27T06:00:00Z,96,2023-07-01T06:00:00Z
2023180N13264-CE01-L120,2023180N13264-CE01,2023180N13264,landfall,2023-07-01T05:30:57.408755Z,19.135519446909328,-104.5353298791894,120,2023-06-26T05:30:57.408755Z,119.51594687638888,0.48405312361111114,2023-06-26T06:00:00Z,120,2023-07-01T06:00:00Z
2023179N15256-CE01-L024,2023179N15256-CE01,2023179N15256,coastal_approach,2023-07-01T17:15:00Z,18.450020139068773,-114.64995667145854,24,2023-06-30T17:15:00Z,23.25,0.75,2023-06-30T18:00:00Z,24,2023-07-01T18:00:00Z
2023179N15256-CE01-L048,2023179N15256-CE01,2023179N15256,coastal_approach,2023-07-01T17:15:00Z,18.450020139068773,-114.64995667145854,48,2023-06-29T17:15:00Z,47.25,0.75,2023-06-29T18:00:00Z,48,2023-07-01T18:00:00Z
2023179N15256-CE01-L072,2023179N15256-CE01,2023179N15256,coastal_approach,2023-07-01T17:15:00Z,18.450020139068773,-114.64995667145854,72,2023-06-28T17:15:00Z,71.25,0.75,2023-06-28T18:00:00Z,72,2023-07-01T18:00:00Z
2023179N15256-CE01-L096,2023179N15256-CE01,2023179N15256,coastal_approach,2023-07-01T17:15:00Z,18.450020139068773,-114.64995667145854,96,2023-06-27T17:15:00Z,95.25,0.75,2023-06-27T18:00:00Z,96,2023-07-01T18:00:00Z
2023179N15256-CE01-L120,2023179N15256-CE01,2023179N15256,coastal_approach,2023-07-01T17:15:00Z,18.450020139068773,-114.64995667145854,120,2023-06-26T17:15:00Z,119.25,0.75,2023-06-26T18:00:00Z,120,2023-07-01T18:00:00Z
2023194N16123-CE01-L024,2023194N16123-CE01,2023194N16123,landfall,2023-07-17T13:58:44.226362Z,21.2002391962397,110.50420954373018,24,2023-07-16T13:58:44.226362Z,25.978951767222224,-1.9789517672222223,2023-07-16T12:00:00Z,30,2023-07-17T18:00:00Z
2023194N16123-CE01-L048,2023194N16123-CE01,2023194N16123,landfall,2023-07-17T13:58:44.226362Z,21.2002391962397,110.50420954373018,48,2023-07-15T13:58:44.226362Z,49.97895176722222,-1.9789517672222223,2023-07-15T12:00:00Z,54,2023-07-17T18:00:00Z
2023194N16123-CE01-L072,2023194N16123-CE01,2023194N16123,landfall,2023-07-17T13:58:44.226362Z,21.2002391962397,110.50420954373018,72,2023-07-14T13:58:44.226362Z,73.97895176722221,-1.9789517672222223,2023-07-14T12:00:00Z,78,2023-07-17T18:00:00Z
2023194N16123-CE01-L096,2023194N16123-CE01,2023194N16123,landfall,2023-07-17T13:58:44.226362Z,21.2002391962397,110.50420954373018,96,2023-07-13T13:58:44.226362Z,97.97895176722221,-1.9789517672222223,2023-07-13T12:00:00Z,102,2023-07-17T18:00:00Z
2023194N16123-CE01-L120,2023194N16123-CE01,2023194N16123,landfall,2023-07-17T13:58:44.226362Z,21.2002391962397,110.50420954373018,120,2023-07-12T13:58:44.226362Z,121.97895176722221,-1.9789517672222223,2023-07-12T12:00:00Z,126,2023-07-17T18:00:00Z
2023201N13134-CE02-L024,2023201N13134-CE02,2023201N13134,landfall,2023-07-25T15:55:23.591147Z,19.00014393427472,121.94613009457116,24,2023-07-24T15:55:23.591147Z,21.923219763055556,2.0767802369444444,2023-07-24T18:00:00Z,24,2023-07-25T18:00:00Z
2023201N13134-CE02-L048,2023201N13134-CE02,2023201N13134,landfall,2023-07-25T15:55:23.591147Z,19.00014393427472,121.94613009457116,48,2023-07-23T15:55:23.591147Z,45.923219763055556,2.0767802369444444,2023-07-23T18:00:00Z,48,2023-07-25T18:00:00Z
2023201N13134-CE02-L072,2023201N13134-CE02,2023201N13134,landfall,2023-07-25T15:55:23.591147Z,19.00014393427472,121.94613009457116,72,2023-07-22T15:55:23.591147Z,69.92321976305556,2.0767802369444444,2023-07-22T18:00:00Z,72,2023-07-25T18:00:00Z
2023201N13134-CE02-L096,2023201N13134-CE02,2023201N13134,landfall,2023-07-25T15:55:23.591147Z,19.00014393427472,121.94613009457116,96,2023-07-21T15:55:23.591147Z,93.92321976305557,2.0767802369444444,2023-07-21T18:00:00Z,96,2023-07-25T18:00:00Z
2023201N13134-CE02-L120,2023201N13134-CE02,2023201N13134,landfall,2023-07-25T15:55:23.591147Z,19.00014393427472,121.94613009457116,120,2023-07-20T15:55:23.591147Z,117.92321976305557,2.0767802369444444,2023-07-20T18:00:00Z,120,2023-07-25T18:00:00Z
2023207N09141-CE01-L024,2023207N09141-CE01,2023207N09141,landfall,2023-08-09T13:05:38.750852Z,32.58236341112029,128.7636588495597,24,2023-08-08T13:05:38.750852Z,25.09409745888889,-1.094097458888889,2023-08-08T12:00:00Z,30,2023-08-09T18:00:00Z
2023207N09141-CE01-L048,2023207N09141-CE01,2023207N09141,landfall,2023-08-09T13:05:38.750852Z,32.58236341112029,128.7636588495597,48,2023-08-07T13:05:38.750852Z,49.09409745888889,-1.094097458888889,2023-08-07T12:00:00Z,54,2023-08-09T18:00:00Z
2023207N09141-CE01-L072,2023207N09141-CE01,2023207N09141,landfall,2023-08-09T13:05:38.750852Z,32.58236341112029,128.7636588495597,72,2023-08-06T13:05:38.750852Z,73.0940974588889,-1.094097458888889,2023-08-06T12:00:00Z,78,2023-08-09T18:00:00Z
2023207N09141-CE01-L096,2023207N09141-CE01,2023207N09141,landfall,2023-08-09T13:05:38.750852Z,32.58236341112029,128.7636588495597,96,2023-08-05T13:05:38.750852Z,97.0940974588889,-1.094097458888889,2023-08-05T12:00:00Z,102,2023-08-09T18:00:00Z
2023207N09141-CE01-L120,2023207N09141-CE01,2023207N09141,landfall,2023-08-09T13:05:38.750852Z,32.58236341112029,128.7636588495597,120,2023-08-04T13:05:38.750852Z,121.0940974588889,-1.094097458888889,2023-08-04T12:00:00Z,126,2023-08-09T18:00:00Z
2023218N25145-CE01-L024,2023218N25145-CE01,2023218N25145,landfall,2023-08-14T19:44:52.834246Z,33.51224092037296,135.82536076087203,24,2023-08-13T19:44:52.834246Z,25.748009512777777,-1.748009512777778,2023-08-13T18:00:00Z,30,2023-08-15T00:00:00Z
2023218N25145-CE01-L048,2023218N25145-CE01,2023218N25145,landfall,2023-08-14T19:44:52.834246Z,33.51224092037296,135.82536076087203,48,2023-08-12T19:44:52.834246Z,49.748009512777784,-1.748009512777778,2023-08-12T18:00:00Z,54,2023-08-15T00:00:00Z
2023218N25145-CE01-L072,2023218N25145-CE01,2023218N25145,landfall,2023-08-14T19:44:52.834246Z,33.51224092037296,135.82536076087203,72,2023-08-11T19:44:52.834246Z,73.74800951277777,-1.748009512777778,2023-08-11T18:00:00Z,78,2023-08-15T00:00:00Z
2023218N25145-CE01-L096,2023218N25145-CE01,2023218N25145,landfall,2023-08-14T19:44:52.834246Z,33.51224092037296,135.82536076087203,96,2023-08-10T19:44:52.834246Z,97.74800951277777,-1.748009512777778,2023-08-10T18:00:00Z,102,2023-08-15T00:00:00Z
2023218N25145-CE01-L120,2023218N25145-CE01,2023218N25145,landfall,2023-08-14T19:44:52.834246Z,33.51224092037296,135.82536076087203,120,2023-08-09T19:44:52.834246Z,121.74800951277777,-1.748009512777778,2023-08-09T18:00:00Z,126,2023-08-15T00:00:00Z
2023228N12259-CE01-L024,2023228N12259-CE01,2023228N12259,landfall,2023-08-20T12:00:58.637144Z,28.10434453404239,-115.30107779194702,24,2023-08-19T12:00:58.637144Z,24.016288095555552,-0.016288095555555555,2023-08-19T12:00:00Z,30,2023-08-20T18:00:00Z
2023228N12259-CE01-L048,2023228N12259-CE01,2023228N12259,landfall,2023-08-20T12:00:58.637144Z,28.10434453404239,-115.30107779194702,48,2023-08-18T12:00:58.637144Z,48.01628809555556,-0.016288095555555555,2023-08-18T12:00:00Z,54,2023-08-20T18:00:00Z
2023228N12259-CE01-L072,2023228N12259-CE01,2023228N12259,landfall,2023-08-20T12:00:58.637144Z,28.10434453404239,-115.30107779194702,72,2023-08-17T12:00:58.637144Z,72.01628809555555,-0.016288095555555555,2023-08-17T12:00:00Z,78,2023-08-20T18:00:00Z
2023228N12259-CE01-L096,2023228N12259-CE01,2023228N12259,landfall,2023-08-20T12:00:58.637144Z,28.10434453404239,-115.30107779194702,96,2023-08-16T12:00:58.637144Z,96.01628809555555,-0.016288095555555555,2023-08-16T12:00:00Z,102,2023-08-20T18:00:00Z
2023228N12259-CE01-L120,2023228N12259-CE01,2023228N12259,landfall,2023-08-20T12:00:58.637144Z,28.10434453404239,-115.30107779194702,120,2023-08-15T12:00:58.637144Z,120.01628809555555,-0.016288095555555555,2023-08-15T12:00:00Z,126,2023-08-20T18:00:00Z
2023234N18128-CE01-L024,2023234N18128-CE01,2023234N18128,coastal_approach,2023-08-26T21:00:00Z,17.000000000000004,122.9,24,2023-08-25T21:00:00Z,27.0,-3.0,2023-08-25T18:00:00Z,30,2023-08-27T00:00:00Z
2023234N18128-CE01-L048,2023234N18128-CE01,2023234N18128,coastal_approach,2023-08-26T21:00:00Z,17.000000000000004,122.9,48,2023-08-24T21:00:00Z,51.0,-3.0,2023-08-24T18:00:00Z,54,2023-08-27T00:00:00Z
2023234N18128-CE01-L072,2023234N18128-CE01,2023234N18128,coastal_approach,2023-08-26T21:00:00Z,17.000000000000004,122.9,72,2023-08-23T21:00:00Z,75.0,-3.0,2023-08-23T18:00:00Z,78,2023-08-27T00:00:00Z
2023234N18128-CE01-L096,2023234N18128-CE01,2023234N18128,coastal_approach,2023-08-26T21:00:00Z,17.000000000000004,122.9,96,2023-08-22T21:00:00Z,99.0,-3.0,2023-08-22T18:00:00Z,102,2023-08-27T00:00:00Z
2023234N18128-CE01-L120,2023234N18128-CE01,2023234N18128,coastal_approach,2023-08-26T21:00:00Z,17.000000000000004,122.9,120,2023-08-21T21:00:00Z,123.0,-3.0,2023-08-21T18:00:00Z,126,2023-08-27T00:00:00Z
2023234N18128-CE02-L024,2023234N18128-CE02,2023234N18128,coastal_approach,2023-08-29T17:00:00Z,19.800100498144097,122.03349960483196,24,2023-08-28T17:00:00Z,23.0,1.0,2023-08-28T18:00:00Z,24,2023-08-29T18:00:00Z
2023234N18128-CE02-L048,2023234N18128-CE02,2023234N18128,coastal_approach,2023-08-29T17:00:00Z,19.800100498144097,122.03349960483196,48,2023-08-27T17:00:00Z,47.0,1.0,2023-08-27T18:00:00Z,48,2023-08-29T18:00:00Z
2023234N18128-CE02-L072,2023234N18128-CE02,2023234N18128,coastal_approach,2023-08-29T17:00:00Z,19.800100498144097,122.03349960483196,72,2023-08-26T17:00:00Z,71.0,1.0,2023-08-26T18:00:00Z,72,2023-08-29T18:00:00Z
2023234N18128-CE02-L096,2023234N18128-CE02,2023234N18128,coastal_approach,2023-08-29T17:00:00Z,19.800100498144097,122.03349960483196,96,2023-08-25T17:00:00Z,95.0,1.0,2023-08-25T18:00:00Z,96,2023-08-29T18:00:00Z
2023234N18128-CE02-L120,2023234N18128-CE02,2023234N18128,coastal_approach,2023-08-29T17:00:00Z,19.800100498144097,122.03349960483196,120,2023-08-24T17:00:00Z,119.0,1.0,2023-08-24T18:00:00Z,120,2023-08-29T18:00:00Z
2023239N21274-CE01-L024,2023239N21274-CE01,2023239N21274,landfall,2023-08-30T11:37:03.456477Z,29.861537016295618,-83.62424916662393,24,2023-08-29T11:37:03.456477Z,23.617626799166665,0.38237320083333337,2023-08-29T12:00:00Z,24,2023-08-30T12:00:00Z
2023239N21274-CE01-L048,2023239N21274-CE01,2023239N21274,landfall,2023-08-30T11:37:03.456477Z,29.861537016295618,-83.62424916662393,48,2023-08-28T11:37:03.456477Z,47.617626799166665,0.38237320083333337,2023-08-28T12:00:00Z,48,2023-08-30T12:00:00Z
2023239N21274-CE01-L072,2023239N21274-CE01,2023239N21274,landfall,2023-08-30T11:37:03.456477Z,29.861537016295618,-83.62424916662393,72,2023-08-27T11:37:03.456477Z,71.61762679916667,0.38237320083333337,2023-08-27T12:00:00Z,72,2023-08-30T12:00:00Z
2023239N21274-CE01-L096,2023239N21274-CE01,2023239N21274,landfall,2023-08-30T11:37:03.456477Z,29.861537016295618,-83.62424916662393,96,2023-08-26T11:37:03.456477Z,95.61762679916667,0.38237320083333337,2023-08-26T12:00:00Z,96,2023-08-30T12:00:00Z
2023239N21274-CE01-L120,2023239N21274-CE01,2023239N21274,landfall,2023-08-30T11:37:03.456477Z,29.861537016295618,-83.62424916662393,120,2023-08-25T11:37:03.456477Z,119.61762679916667,0.38237320083333337,2023-08-25T12:00:00Z,120,2023-08-30T12:00:00Z
2023234N18128-CE03-L024,2023234N18128-CE03,2023234N18128,landfall,2023-09-01T13:25:07.619309Z,22.00002968147096,114.21624337395444,24,2023-08-31T13:25:07.619309Z,25.41878314138889,-1.4187831413888887,2023-08-31T12:00:00Z,30,2023-09-01T18:00:00Z
2023234N18128-CE03-L048,2023234N18128-CE03,2023234N18128,landfall,2023-09-01T13:25:07.619309Z,22.00002968147096,114.21624337395444,48,2023-08-30T13:25:07.619309Z,49.418783141388886,-1.4187831413888887,2023-08-30T12:00:00Z,54,2023-09-01T18:00:00Z
2023234N18128-CE03-L072,2023234N18128-CE03,2023234N18128,landfall,2023-09-01T13:25:07.619309Z,22.00002968147096,114.21624337395444,72,2023-08-29T13:25:07.619309Z,73.41878314138889,-1.4187831413888887,2023-08-29T12:00:00Z,78,2023-09-01T18:00:00Z
2023234N18128-CE03-L096,2023234N18128-CE03,2023234N18128,landfall,2023-09-01T13:25:07.619309Z,22.00002968147096,114.21624337395444,96,2023-08-28T13:25:07.619309Z,97.41878314138889,-1.4187831413888887,2023-08-28T12:00:00Z,102,2023-09-01T18:00:00Z
2023234N18128-CE03-L120,2023234N18128-CE03,2023234N18128,landfall,2023-09-01T13:25:07.619309Z,22.00002968147096,114.21624337395444,120,2023-08-27T13:25:07.619309Z,121.41878314138889,-1.4187831413888887,2023-08-27T12:00:00Z,126,2023-09-01T18:00:00Z
2023239N18144-CE01-L024,2023239N18144-CE01,2023239N18144,landfall,2023-09-03T07:03:55.644912Z,22.900353046830396,121.25139356024812,24,2023-09-02T07:03:55.644912Z,25.065456920000003,-1.0654569200000001,2023-09-02T06:00:00Z,30,2023-09-03T12:00:00Z
2023239N18144-CE01-L048,2023239N18144-CE01,2023239N18144,landfall,2023-09-03T07:03:55.644912Z,22.900353046830396,121.25139356024812,48,2023-09-01T07:03:55.644912Z,49.065456919999995,-1.0654569200000001,2023-09-01T06:00:00Z,54,2023-09-03T12:00:00Z
2023239N18144-CE01-L072,2023239N18144-CE01,2023239N18144,landfall,2023-09-03T07:03:55.644912Z,22.900353046830396,121.25139356024812,72,2023-08-31T07:03:55.644912Z,73.06545692,-1.0654569200000001,2023-08-31T06:00:00Z,78,2023-09-03T12:00:00Z
2023239N18144-CE01-L096,2023239N18144-CE01,2023239N18144,landfall,2023-09-03T07:03:55.644912Z,22.900353046830396,121.25139356024812,96,2023-08-30T07:03:55.644912Z,97.06545692,-1.0654569200000001,2023-08-30T06:00:00Z,102,2023-09-03T12:00:00Z
2023239N18144-CE01-L120,2023239N18144-CE01,2023239N18144,landfall,2023-09-03T07:03:55.644912Z,22.900353046830396,121.25139356024812,120,2023-08-29T07:03:55.644912Z,121.06545692,-1.0654569200000001,2023-08-29T06:00:00Z,126,2023-09-03T12:00:00Z
2023249N12320-CE01-L024,2023249N12320-CE01,2023249N12320,landfall,2023-09-16T19:54:16.623545Z,44.27615740825629,-66.30480752253558,24,2023-09-15T19:54:16.623545Z,25.904617651388886,-1.904617651388889,2023-09-15T18:00:00Z,30,2023-09-17T00:00:00Z
2023249N12320-CE01-L048,2023249N12320-CE01,2023249N12320,landfall,2023-09-16T19:54:16.623545Z,44.27615740825629,-66.30480752253558,48,2023-09-14T19:54:16.623545Z,49.90461765138889,-1.904617651388889,2023-09-14T18:00:00Z,54,2023-09-17T00:00:00Z
2023249N12320-CE01-L072,2023249N12320-CE01,2023249N12320,landfall,2023-09-16T19:54:16.623545Z,44.27615740825629,-66.30480752253558,72,2023-09-13T19:54:16.623545Z,73.90461765138889,-1.904617651388889,2023-09-13T18:00:00Z,78,2023-09-17T00:00:00Z
2023249N12320-CE01-L096,2023249N12320-CE01,2023249N12320,landfall,2023-09-16T19:54:16.623545Z,44.27615740825629,-66.30480752253558,96,2023-09-12T19:54:16.623545Z,97.90461765138889,-1.904617651388889,2023-09-12T18:00:00Z,102,2023-09-17T00:00:00Z
2023249N12320-CE01-L120,2023249N12320-CE01,2023249N12320,landfall,2023-09-16T19:54:16.623545Z,44.27615740825629,-66.30480752253558,120,2023-09-11T19:54:16.623545Z,121.90461765138889,-1.904617651388889,2023-09-11T18:00:00Z,126,2023-09-17T00:00:00Z
2023271N14144-CE02-L024,2023271N14144-CE02,2023271N14144,landfall,2023-10-04T23:35:42.649778Z,21.98653808239084,120.84050644362948,24,2023-10-03T23:35:42.649778Z,23.59518049388889,0.4048195061111111,2023-10-04T00:00:00Z,24,2023-10-05T00:00:00Z
2023271N14144-CE02-L048,2023271N14144-CE02,2023271N14144,landfall,2023-10-04T23:35:42.649778Z,21.98653808239084,120.84050644362948,48,2023-10-02T23:35:42.649778Z,47.59518049388889,0.4048195061111111,2023-10-03T00:00:00Z,48,2023-10-05T00:00:00Z
2023271N14144-CE02-L072,2023271N14144-CE02,2023271N14144,landfall,2023-10-04T23:35:42.649778Z,21.98653808239084,120.84050644362948,72,2023-10-01T23:35:42.649778Z,71.59518049388889,0.4048195061111111,2023-10-02T00:00:00Z,72,2023-10-05T00:00:00Z
2023271N14144-CE02-L096,2023271N14144-CE02,2023271N14144,landfall,2023-10-04T23:35:42.649778Z,21.98653808239084,120.84050644362948,96,2023-09-30T23:35:42.649778Z,95.59518049388889,0.4048195061111111,2023-10-01T00:00:00Z,96,2023-10-05T00:00:00Z
2023271N14144-CE02-L120,2023271N14144-CE02,2023271N14144,landfall,2023-10-04T23:35:42.649778Z,21.98653808239084,120.84050644362948,120,2023-09-29T23:35:42.649778Z,119.59518049388889,0.4048195061111111,2023-09-30T00:00:00Z,120,2023-10-05T00:00:00Z
2023271N14144-CE03-L024,2023271N14144-CE03,2023271N14144,coastal_approach,2023-10-09T03:45:00Z,21.5750507431736,112.92496145012376,24,2023-10-08T03:45:00Z,21.75,2.25,2023-10-08T06:00:00Z,24,2023-10-09T06:00:00Z
2023271N14144-CE03-L048,2023271N14144-CE03,2023271N14144,coastal_approach,2023-10-09T03:45:00Z,21.5750507431736,112.92496145012376,48,2023-10-07T03:45:00Z,45.75,2.25,2023-10-07T06:00:00Z,48,2023-10-09T06:00:00Z
2023271N14144-CE03-L072,2023271N14144-CE03,2023271N14144,coastal_approach,2023-10-09T03:45:00Z,21.5750507431736,112.92496145012376,72,2023-10-06T03:45:00Z,69.75,2.25,2023-10-06T06:00:00Z,72,2023-10-09T06:00:00Z
2023271N14144-CE03-L096,2023271N14144-CE03,2023271N14144,coastal_approach,2023-10-09T03:45:00Z,21.5750507431736,112.92496145012376,96,2023-10-05T03:45:00Z,93.75,2.25,2023-10-05T06:00:00Z,96,2023-10-09T06:00:00Z
2023271N14144-CE03-L120,2023271N14144-CE03,2023271N14144,coastal_approach,2023-10-09T03:45:00Z,21.5750507431736,112.92496145012376,120,2023-10-04T03:45:00Z,117.75,2.25,2023-10-04T06:00:00Z,120,2023-10-09T06:00:00Z
2023279N08157-CE01-L024,2023279N08157-CE01,2023279N08157,coastal_approach,2023-10-10T09:00:00Z,14.7,145.3,24,2023-10-09T09:00:00Z,27.0,-3.0,2023-10-09T06:00:00Z,30,2023-10-10T12:00:00Z
2023279N08157-CE01-L048,2023279N08157-CE01,2023279N08157,coastal_approach,2023-10-10T09:00:00Z,14.7,145.3,48,2023-10-08T09:00:00Z,51.0,-3.0,2023-10-08T06:00:00Z,54,2023-10-10T12:00:00Z
2023279N08157-CE01-L072,2023279N08157-CE01,2023279N08157,coastal_approach,2023-10-10T09:00:00Z,14.7,145.3,72,2023-10-07T09:00:00Z,75.0,-3.0,2023-10-07T06:00:00Z,78,2023-10-10T12:00:00Z
2023279N08157-CE01-L096,2023279N08157-CE01,2023279N08157,coastal_approach,2023-10-10T09:00:00Z,14.7,145.3,96,2023-10-06T09:00:00Z,99.0,-3.0,2023-10-06T06:00:00Z,102,2023-10-10T12:00:00Z
2023279N08157-CE01-L120,2023279N08157-CE01,2023279N08157,coastal_approach,2023-10-10T09:00:00Z,14.7,145.3,120,2023-10-05T09:00:00Z,123.0,-3.0,2023-10-05T06:00:00Z,126,2023-10-10T12:00:00Z
2023276N11254-CE02-L024,2023276N11254-CE02,2023276N11254,landfall,2023-10-10T23:50:50.374468Z,20.074642159947917,-105.54083449564916,24,2023-10-09T23:50:50.374468Z,23.84732624111111,0.1526737588888889,2023-10-10T00:00:00Z,24,2023-10-11T00:00:00Z
2023276N11254-CE02-L048,2023276N11254-CE02,2023276N11254,landfall,2023-10-10T23:50:50.374468Z,20.074642159947917,-105.54083449564916,48,2023-10-08T23:50:50.374468Z,47.84732624111111,0.1526737588888889,2023-10-09T00:00:00Z,48,2023-10-11T00:00:00Z
2023276N11254-CE02-L072,2023276N11254-CE02,2023276N11254,landfall,2023-10-10T23:50:50.374468Z,20.074642159947917,-105.54083449564916,72,2023-10-07T23:50:50.374468Z,71.8473262411111,0.1526737588888889,2023-10-08T00:00:00Z,72,2023-10-11T00:00:00Z
2023276N11254-CE02-L096,2023276N11254-CE02,2023276N11254,landfall,2023-10-10T23:50:50.374468Z,20.074642159947917,-105.54083449564916,96,2023-10-06T23:50:50.374468Z,95.84732624111112,0.1526737588888889,2023-10-07T00:00:00Z,96,2023-10-11T00:00:00Z
2023276N11254-CE02-L120,2023276N11254-CE02,2023276N11254,landfall,2023-10-10T23:50:50.374468Z,20.074642159947917,-105.54083449564916,120,2023-10-05T23:50:50.374468Z,119.84732624111112,0.1526737588888889,2023-10-06T00:00:00Z,120,2023-10-11T00:00:00Z
2023290N12256-CE01-L024,2023290N12256-CE01,2023290N12256,landfall,2023-10-21T20:28:24.245886Z,23.02978701683385,-110.1,24,2023-10-20T20:28:24.245886Z,26.473401635000002,-2.473401635,2023-10-20T18:00:00Z,30,2023-10-22T00:00:00Z
2023290N12256-CE01-L048,2023290N12256-CE01,2023290N12256,landfall,2023-10-21T20:28:24.245886Z,23.02978701683385,-110.1,48,2023-10-19T20:28:24.245886Z,50.473401634999995,-2.473401635,2023-10-19T18:00:00Z,54,2023-10-22T00:00:00Z
2023290N12256-CE01-L072,2023290N12256-CE01,2023290N12256,landfall,2023-10-21T20:28:24.245886Z,23.02978701683385,-110.1,72,2023-10-18T20:28:24.245886Z,74.473401635,-2.473401635,2023-10-18T18:00:00Z,78,2023-10-22T00:00:00Z
2023290N12256-CE01-L096,2023290N12256-CE01,2023290N12256,landfall,2023-10-21T20:28:24.245886Z,23.02978701683385,-110.1,96,2023-10-17T20:28:24.245886Z,98.473401635,-2.473401635,2023-10-17T18:00:00Z,102,2023-10-22T00:00:00Z
2023290N12256-CE01-L120,2023290N12256-CE01,2023290N12256,landfall,2023-10-21T20:28:24.245886Z,23.02978701683385,-110.1,120,2023-10-16T20:28:24.245886Z,122.473401635,-2.473401635,2023-10-16T18:00:00Z,126,2023-10-22T00:00:00Z
2023292N13309-CE02-L024,2023292N13309-CE02,2023292N13309,landfall,2023-10-22T00:34:53.870100Z,17.546536851976352,-61.74651679842259,24,2023-10-21T00:34:53.870100Z,24.581630583333332,-0.5816305833333334,2023-10-21T00:00:00Z,30,2023-10-22T06:00:00Z
2023292N13309-CE02-L048,2023292N13309-CE02,2023292N13309,landfall,2023-10-22T00:34:53.870100Z,17.546536851976352,-61.74651679842259,48,2023-10-20T00:34:53.870100Z,48.581630583333336,-0.5816305833333334,2023-10-20T00:00:00Z,54,2023-10-22T06:00:00Z
2023292N13309-CE02-L072,2023292N13309-CE02,2023292N13309,landfall,2023-10-22T00:34:53.870100Z,17.546536851976352,-61.74651679842259,72,2023-10-19T00:34:53.870100Z,72.58163058333334,-0.5816305833333334,2023-10-19T00:00:00Z,78,2023-10-22T06:00:00Z
2023292N13309-CE02-L096,2023292N13309-CE02,2023292N13309,landfall,2023-10-22T00:34:53.870100Z,17.546536851976352,-61.74651679842259,96,2023-10-18T00:34:53.870100Z,96.58163058333334,-0.5816305833333334,2023-10-18T00:00:00Z,102,2023-10-22T06:00:00Z
2023292N13309-CE02-L120,2023292N13309-CE02,2023292N13309,landfall,2023-10-22T00:34:53.870100Z,17.546536851976352,-61.74651679842259,120,2023-10-17T00:34:53.870100Z,120.58163058333334,-0.5816305833333334,2023-10-17T00:00:00Z,126,2023-10-22T06:00:00Z
2023290N12256-CE02-L024,2023290N12256-CE02,2023290N12256,landfall,2023-10-22T04:47:41.499950Z,24.179519041257464,-109.88045487665264,24,2023-10-21T04:47:41.499950Z,22.79486109722222,1.2051389027777777,2023-10-21T06:00:00Z,24,2023-10-22T06:00:00Z
2023290N12256-CE02-L048,2023290N12256-CE02,2023290N12256,landfall,2023-10-22T04:47:41.499950Z,24.179519041257464,-109.88045487665264,48,2023-10-20T04:47:41.499950Z,46.794861097222224,1.2051389027777777,2023-10-20T06:00:00Z,48,2023-10-22T06:00:00Z
2023290N12256-CE02-L072,2023290N12256-CE02,2023290N12256,landfall,2023-10-22T04:47:41.499950Z,24.179519041257464,-109.88045487665264,72,2023-10-19T04:47:41.499950Z,70.79486109722222,1.2051389027777777,2023-10-19T06:00:00Z,72,2023-10-22T06:00:00Z
2023290N12256-CE02-L096,2023290N12256-CE02,2023290N12256,landfall,2023-10-22T04:47:41.499950Z,24.179519041257464,-109.88045487665264,96,2023-10-18T04:47:41.499950Z,94.79486109722222,1.2051389027777777,2023-10-18T06:00:00Z,96,2023-10-22T06:00:00Z
2023290N12256-CE02-L120,2023290N12256-CE02,2023290N12256,landfall,2023-10-22T04:47:41.499950Z,24.179519041257464,-109.88045487665264,120,2023-10-17T04:47:41.499950Z,118.79486109722222,1.2051389027777777,2023-10-17T06:00:00Z,120,2023-10-22T06:00:00Z
2023292N11063-CE01-L024,2023292N11063-CE01,2023292N11063,coastal_approach,2023-10-22T08:00:00Z,12.900068570029216,54.83343896999459,24,2023-10-21T08:00:00Z,26.0,-2.0,2023-10-21T06:00:00Z,30,2023-10-22T12:00:00Z
2023292N11063-CE01-L048,2023292N11063-CE01,2023292N11063,coastal_approach,2023-10-22T08:00:00Z,12.900068570029216,54.83343896999459,48,2023-10-20T08:00:00Z,50.0,-2.0,2023-10-20T06:00:00Z,54,2023-10-22T12:00:00Z
2023292N11063-CE01-L072,2023292N11063-CE01,2023292N11063,coastal_approach,2023-10-22T08:00:00Z,12.900068570029216,54.83343896999459,72,2023-10-19T08:00:00Z,74.0,-2.0,2023-10-19T06:00:00Z,78,2023-10-22T12:00:00Z
2023292N11063-CE01-L096,2023292N11063-CE01,2023292N11063,coastal_approach,2023-10-22T08:00:00Z,12.900068570029216,54.83343896999459,96,2023-10-18T08:00:00Z,98.0,-2.0,2023-10-18T06:00:00Z,102,2023-10-22T12:00:00Z
2023292N11063-CE01-L120,2023292N11063-CE01,2023292N11063,coastal_approach,2023-10-22T08:00:00Z,12.900068570029216,54.83343896999459,120,2023-10-17T08:00:00Z,122.0,-2.0,2023-10-17T06:00:00Z,126,2023-10-22T12:00:00Z
2023292N11063-CE02-L024,2023292N11063-CE02,2023292N11063,landfall,2023-10-24T01:00:57.424176Z,15.866217772802305,52.164495727459055,24,2023-10-23T01:00:57.424176Z,25.01595116,-1.01595116,2023-10-23T00:00:00Z,30,2023-10-24T06:00:00Z
2023292N11063-CE02-L048,2023292N11063-CE02,2023292N11063,landfall,2023-10-24T01:00:57.424176Z,15.866217772802305,52.164495727459055,48,2023-10-22T01:00:57.424176Z,49.01595116,-1.01595116,2023-10-22T00:00:00Z,54,2023-10-24T06:00:00Z
2023292N11063-CE02-L072,2023292N11063-CE02,2023292N11063,landfall,2023-10-24T01:00:57.424176Z,15.866217772802305,52.164495727459055,72,2023-10-21T01:00:57.424176Z,73.01595116,-1.01595116,2023-10-21T00:00:00Z,78,2023-10-24T06:00:00Z
2023292N11063-CE02-L096,2023292N11063-CE02,2023292N11063,landfall,2023-10-24T01:00:57.424176Z,15.866217772802305,52.164495727459055,96,2023-10-20T01:00:57.424176Z,97.01595116,-1.01595116,2023-10-20T00:00:00Z,102,2023-10-24T06:00:00Z
2023292N11063-CE02-L120,2023292N11063-CE02,2023292N11063,landfall,2023-10-24T01:00:57.424176Z,15.866217772802305,52.164495727459055,120,2023-10-19T01:00:57.424176Z,121.01595116,-1.01595116,2023-10-19T00:00:00Z,126,2023-10-24T06:00:00Z
2023292S03172-CE01-L024,2023292S03172-CE01,2023292S03172,landfall,2023-10-24T16:00:17.974164Z,-15.867005082823356,168.26652223521435,24,2023-10-23T16:00:17.974164Z,22.004992823333332,1.9950071766666666,2023-10-23T18:00:00Z,24,2023-10-24T18:00:00Z
2023292S03172-CE01-L048,2023292S03172-CE01,2023292S03172,landfall,2023-10-24T16:00:17.974164Z,-15.867005082823356,168.26652223521435,48,2023-10-22T16:00:17.974164Z,46.00499282333334,1.9950071766666666,2023-10-22T18:00:00Z,48,2023-10-24T18:00:00Z
2023292S03172-CE01-L072,2023292S03172-CE01,2023292S03172,landfall,2023-10-24T16:00:17.974164Z,-15.867005082823356,168.26652223521435,72,2023-10-21T16:00:17.974164Z,70.00499282333334,1.9950071766666666,2023-10-21T18:00:00Z,72,2023-10-24T18:00:00Z
2023292S03172-CE01-L096,2023292S03172-CE01,2023292S03172,landfall,2023-10-24T16:00:17.974164Z,-15.867005082823356,168.26652223521435,96,2023-10-20T16:00:17.974164Z,94.00499282333334,1.9950071766666666,2023-10-20T18:00:00Z,96,2023-10-24T18:00:00Z
2023292S03172-CE01-L120,2023292S03172-CE01,2023292S03172,landfall,2023-10-24T16:00:17.974164Z,-15.867005082823356,168.26652223521435,120,2023-10-19T16:00:17.974164Z,118.00499282333334,1.9950071766666666,2023-10-19T18:00:00Z,120,2023-10-24T18:00:00Z
2023293N12089-CE01-L024,2023293N12089-CE01,2023293N12089,landfall,2023-10-24T22:29:14.610826Z,21.847436910204244,91.84620583006088,24,2023-10-23T22:29:14.610826Z,22.487391896111113,1.5126081038888888,2023-10-24T00:00:00Z,24,2023-10-25T00:00:00Z
2023293N12089-CE01-L048,2023293N12089-CE01,2023293N12089,landfall,2023-10-24T22:29:14.610826Z,21.847436910204244,91.84620583006088,48,2023-10-22T22:29:14.610826Z,46.487391896111106,1.5126081038888888,2023-10-23T00:00:00Z,48,2023-10-25T00:00:00Z
2023293N12089-CE01-L072,2023293N12089-CE01,2023293N12089,landfall,2023-10-24T22:29:14.610826Z,21.847436910204244,91.84620583006088,72,2023-10-21T22:29:14.610826Z,70.4873918961111,1.5126081038888888,2023-10-22T00:00:00Z,72,2023-10-25T00:00:00Z
2023293N12089-CE01-L096,2023293N12089-CE01,2023293N12089,landfall,2023-10-24T22:29:14.610826Z,21.847436910204244,91.84620583006088,96,2023-10-20T22:29:14.610826Z,94.4873918961111,1.5126081038888888,2023-10-21T00:00:00Z,96,2023-10-25T00:00:00Z
2023293N12089-CE01-L120,2023293N12089-CE01,2023293N12089,landfall,2023-10-24T22:29:14.610826Z,21.847436910204244,91.84620583006088,120,2023-10-19T22:29:14.610826Z,118.4873918961111,1.5126081038888888,2023-10-20T00:00:00Z,120,2023-10-25T00:00:00Z
2023294N09264-CE01-L024,2023294N09264-CE01,2023294N09264,landfall,2023-10-25T06:53:27.169554Z,16.825051608363907,-99.91249790754593,24,2023-10-24T06:53:27.169554Z,24.890880431666666,-0.8908804316666666,2023-10-24T06:00:00Z,30,2023-10-25T12:00:00Z
2023294N09264-CE01-L048,2023294N09264-CE01,2023294N09264,landfall,2023-10-25T06:53:27.169554Z,16.825051608363907,-99.91249790754593,48,2023-10-23T06:53:27.169554Z,48.890880431666666,-0.8908804316666666,2023-10-23T06:00:00Z,54,2023-10-25T12:00:00Z
2023294N09264-CE01-L072,2023294N09264-CE01,2023294N09264,landfall,2023-10-25T06:53:27.169554Z,16.825051608363907,-99.91249790754593,72,2023-10-22T06:53:27.169554Z,72.89088043166667,-0.8908804316666666,2023-10-22T06:00:00Z,78,2023-10-25T12:00:00Z
2023294N09264-CE01-L096,2023294N09264-CE01,2023294N09264,landfall,2023-10-25T06:53:27.169554Z,16.825051608363907,-99.91249790754593,96,2023-10-21T06:53:27.169554Z,96.89088043166667,-0.8908804316666666,2023-10-21T06:00:00Z,102,2023-10-25T12:00:00Z
2023294N09264-CE01-L120,2023294N09264-CE01,2023294N09264,landfall,2023-10-25T06:53:27.169554Z,16.825051608363907,-99.91249790754593,120,2023-10-20T06:53:27.169554Z,120.89088043166667,-0.8908804316666666,2023-10-20T06:00:00Z,126,2023-10-25T12:00:00Z
2023334N08088-CE01-L024,2023334N08088-CE01,2023334N08088,landfall,2023-12-05T04:24:11.877052Z,15.387113940496365,80.14672907843996,24,2023-12-04T04:24:11.877052Z,22.40329918111111,1.596700818888889,2023-12-04T06:00:00Z,24,2023-12-05T06:00:00Z
2023334N08088-CE01-L048,2023334N08088-CE01,2023334N08088,landfall,2023-12-05T04:24:11.877052Z,15.387113940496365,80.14672907843996,48,2023-12-03T04:24:11.877052Z,46.40329918111111,1.596700818888889,2023-12-03T06:00:00Z,48,2023-12-05T06:00:00Z
2023334N08088-CE01-L072,2023334N08088-CE01,2023334N08088,landfall,2023-12-05T04:24:11.877052Z,15.387113940496365,80.14672907843996,72,2023-12-02T04:24:11.877052Z,70.40329918111111,1.596700818888889,2023-12-02T06:00:00Z,72,2023-12-05T06:00:00Z
2023334N08088-CE01-L096,2023334N08088-CE01,2023334N08088,landfall,2023-12-05T04:24:11.877052Z,15.387113940496365,80.14672907843996,96,2023-12-01T04:24:11.877052Z,94.40329918111112,1.596700818888889,2023-12-01T06:00:00Z,96,2023-12-05T06:00:00Z
2023334N08088-CE01-L120,2023334N08088-CE01,2023334N08088,landfall,2023-12-05T04:24:11.877052Z,15.387113940496365,80.14672907843996,120,2023-11-30T04:24:11.877052Z,118.40329918111112,1.596700818888889,2023-11-30T06:00:00Z,120,2023-12-05T06:00:00Z
2023364S19035-CE01-L024,2023364S19035-CE01,2023364S19035,landfall,2024-01-01T15:55:31.142419Z,-21.36938486314112,43.4851501918688,24,2023-12-31T15:55:31.142419Z,21.92531733861111,2.074682661388889,2023-12-31T18:00:00Z,24,2024-01-01T18:00:00Z
2023364S19035-CE01-L048,2023364S19035-CE01,2023364S19035,landfall,2024-01-01T15:55:31.142419Z,-21.36938486314112,43.4851501918688,48,2023-12-30T15:55:31.142419Z,45.925317338611116,2.074682661388889,2023-12-30T18:00:00Z,48,2024-01-01T18:00:00Z
2023364S19035-CE01-L072,2023364S19035-CE01,2023364S19035,landfall,2024-01-01T15:55:31.142419Z,-21.36938486314112,43.4851501918688,72,2023-12-29T15:55:31.142419Z,69.92531733861111,2.074682661388889,2023-12-29T18:00:00Z,72,2024-01-01T18:00:00Z
2023364S19035-CE01-L096,2023364S19035-CE01,2023364S19035,landfall,2024-01-01T15:55:31.142419Z,-21.36938486314112,43.4851501918688,96,2023-12-28T15:55:31.142419Z,93.92531733861111,2.074682661388889,2023-12-28T18:00:00Z,96,2024-01-01T18:00:00Z
2023364S19035-CE01-L120,2023364S19035-CE01,2023364S19035,landfall,2024-01-01T15:55:31.142419Z,-21.36938486314112,43.4851501918688,120,2023-12-27T15:55:31.142419Z,117.92531733861111,2.074682661388889,2023-12-27T18:00:00Z,120,2024-01-01T18:00:00Z
2024012S12059-CE01-L024,2024012S12059-CE01,2024012S12059,coastal_approach,2024-01-13T08:08:34.285714Z,-15.985791507226836,54.61444738072394,24,2024-01-12T08:08:34.285714Z,26.14285714277778,-2.142857142777778,2024-01-12T06:00:00Z,30,2024-01-13T12:00:00Z
2024012S12059-CE01-L048,2024012S12059-CE01,2024012S12059,coastal_approach,2024-01-13T08:08:34.285714Z,-15.985791507226836,54.61444738072394,48,2024-01-11T08:08:34.285714Z,50.14285714277778,-2.142857142777778,2024-01-11T06:00:00Z,54,2024-01-13T12:00:00Z
2024012S12059-CE01-L072,2024012S12059-CE01,2024012S12059,coastal_approach,2024-01-13T08:08:34.285714Z,-15.985791507226836,54.61444738072394,72,2024-01-10T08:08:34.285714Z,74.14285714277777,-2.142857142777778,2024-01-10T06:00:00Z,78,2024-01-13T12:00:00Z
2024012S12059-CE01-L096,2024012S12059-CE01,2024012S12059,coastal_approach,2024-01-13T08:08:34.285714Z,-15.985791507226836,54.61444738072394,96,2024-01-09T08:08:34.285714Z,98.14285714277777,-2.142857142777778,2024-01-09T06:00:00Z,102,2024-01-13T12:00:00Z
2024012S12059-CE01-L120,2024012S12059-CE01,2024012S12059,coastal_approach,2024-01-13T08:08:34.285714Z,-15.985791507226836,54.61444738072394,120,2024-01-08T08:08:34.285714Z,122.14285714277777,-2.142857142777778,2024-01-08T06:00:00Z,126,2024-01-13T12:00:00Z
2024012S12059-CE02-L024,2024012S12059-CE02,2024012S12059,landfall,2024-01-15T06:48:57.961967Z,-20.8816632605766,55.58149181499208,24,2024-01-14T06:48:57.961967Z,24.81610054638889,-0.816100546388889,2024-01-14T06:00:00Z,30,2024-01-15T12:00:00Z
2024012S12059-CE02-L048,2024012S12059-CE02,2024012S12059,landfall,2024-01-15T06:48:57.961967Z,-20.8816632605766,55.58149181499208,48,2024-01-13T06:48:57.961967Z,48.81610054638889,-0.816100546388889,2024-01-13T06:00:00Z,54,2024-01-15T12:00:00Z
2024012S12059-CE02-L072,2024012S12059-CE02,2024012S12059,landfall,2024-01-15T06:48:57.961967Z,-20.8816632605766,55.58149181499208,72,2024-01-12T06:48:57.961967Z,72.8161005463889,-0.816100546388889,2024-01-12T06:00:00Z,78,2024-01-15T12:00:00Z
2024012S12059-CE02-L096,2024012S12059-CE02,2024012S12059,landfall,2024-01-15T06:48:57.961967Z,-20.8816632605766,55.58149181499208,96,2024-01-11T06:48:57.961967Z,96.81610054638888,-0.816100546388889,2024-01-11T06:00:00Z,102,2024-01-15T12:00:00Z
2024012S12059-CE02-L120,2024012S12059-CE02,2024012S12059,landfall,2024-01-15T06:48:57.961967Z,-20.8816632605766,55.58149181499208,120,2024-01-10T06:48:57.961967Z,120.81610054638888,-0.816100546388889,2024-01-10T06:00:00Z,126,2024-01-15T12:00:00Z
2024073S14128-CE01-L024,2024073S14128-CE01,2024073S14128,landfall,2024-03-13T17:06:56.305606Z,-11.600032368381056,131.4115640493445,24,2024-03-12T17:06:56.305606Z,23.115640446111108,0.8843595538888889,2024-03-12T18:00:00Z,24,2024-03-13T18:00:00Z
2024073S14128-CE01-L048,2024073S14128-CE01,2024073S14128,landfall,2024-03-13T17:06:56.305606Z,-11.600032368381056,131.4115640493445,48,2024-03-11T17:06:56.305606Z,47.115640446111115,0.8843595538888889,2024-03-11T18:00:00Z,48,2024-03-13T18:00:00Z
2024073S14128-CE01-L072,2024073S14128-CE01,2024073S14128,landfall,2024-03-13T17:06:56.305606Z,-11.600032368381056,131.4115640493445,72,2024-03-10T17:06:56.305606Z,71.11564044611112,0.8843595538888889,2024-03-10T18:00:00Z,72,2024-03-13T18:00:00Z
2024073S14128-CE01-L096,2024073S14128-CE01,2024073S14128,landfall,2024-03-13T17:06:56.305606Z,-11.600032368381056,131.4115640493445,96,2024-03-09T17:06:56.305606Z,95.11564044611112,0.8843595538888889,2024-03-09T18:00:00Z,96,2024-03-13T18:00:00Z
2024073S14128-CE01-L120,2024073S14128-CE01,2024073S14128,landfall,2024-03-13T17:06:56.305606Z,-11.600032368381056,131.4115640493445,120,2024-03-08T17:06:56.305606Z,119.11564044611112,0.8843595538888889,2024-03-08T18:00:00Z,120,2024-03-13T18:00:00Z
2024082S08054-CE01-L024,2024082S08054-CE01,2024082S08054,landfall,2024-03-27T02:08:55.653857Z,-12.90001553664722,49.856747149004285,24,2024-03-26T02:08:55.653857Z,26.148792738055555,-2.1487927380555556,2024-03-26T00:00:00Z,30,2024-03-27T06:00:00Z
2024082S08054-CE01-L048,2024082S08054-CE01,2024082S08054,landfall,2024-03-27T02:08:55.653857Z,-12.90001553664722,49.856747149004285,48,2024-03-25T02:08:55.653857Z,50.148792738055555,-2.1487927380555556,2024-03-25T00:00:00Z,54,2024-03-27T06:00:00Z
2024082S08054-CE01-L072,2024082S08054-CE01,2024082S08054,landfall,2024-03-27T02:08:55.653857Z,-12.90001553664722,49.856747149004285,72,2024-03-24T02:08:55.653857Z,74.14879273805556,-2.1487927380555556,2024-03-24T00:00:00Z,78,2024-03-27T06:00:00Z
2024082S08054-CE01-L096,2024082S08054-CE01,2024082S08054,landfall,2024-03-27T02:08:55.653857Z,-12.90001553664722,49.856747149004285,96,2024-03-23T02:08:55.653857Z,98.14879273805556,-2.1487927380555556,2024-03-23T00:00:00Z,102,2024-03-27T06:00:00Z
2024082S08054-CE01-L120,2024082S08054-CE01,2024082S08054,landfall,2024-03-27T02:08:55.653857Z,-12.90001553664722,49.856747149004285,120,2024-03-22T02:08:55.653857Z,122.14879273805556,-2.1487927380555556,2024-03-22T00:00:00Z,126,2024-03-27T06:00:00Z
2024121S07047-CE01-L024,2024121S07047-CE01,2024121S07047,landfall,2024-05-04T06:07:07.354739Z,-7.8000112221759474,39.88021506244596,24,2024-05-03T06:07:07.354739Z,24.118709649722224,-0.11870964972222223,2024-05-03T06:00:00Z,30,2024-05-04T12:00:00Z
2024121S07047-CE01-L048,2024121S07047-CE01,2024121S07047,landfall,2024-05-04T06:07:07.354739Z,-7.8000112221759474,39.88021506244596,48,2024-05-02T06:07:07.354739Z,48.11870964972222,-0.11870964972222223,2024-05-02T06:00:00Z,54,2024-05-04T12:00:00Z
2024121S07047-CE01-L072,2024121S07047-CE01,2024121S07047,landfall,2024-05-04T06:07:07.354739Z,-7.8000112221759474,39.88021506244596,72,2024-05-01T06:07:07.354739Z,72.11870964972222,-0.11870964972222223,2024-05-01T06:00:00Z,78,2024-05-04T12:00:00Z
2024121S07047-CE01-L096,2024121S07047-CE01,2024121S07047,landfall,2024-05-04T06:07:07.354739Z,-7.8000112221759474,39.88021506244596,96,2024-04-30T06:07:07.354739Z,96.11870964972222,-0.11870964972222223,2024-04-30T06:00:00Z,102,2024-05-04T12:00:00Z
2024121S07047-CE01-L120,2024121S07047-CE01,2024121S07047,landfall,2024-05-04T06:07:07.354739Z,-7.8000112221759474,39.88021506244596,120,2024-04-29T06:07:07.354739Z,120.11870964972222,-0.11870964972222223,2024-04-29T06:00:00Z,126,2024-05-04T12:00:00Z
2024141N03142-CE01-L024,2024141N03142-CE01,2024141N03142,landfall,2024-05-26T09:20:33.540587Z,14.634285035226844,121.93422355949563,24,2024-05-25T09:20:33.540587Z,21.342650163055556,2.6573498369444444,2024-05-25T12:00:00Z,24,2024-05-26T12:00:00Z
2024141N03142-CE01-L048,2024141N03142-CE01,2024141N03142,landfall,2024-05-26T09:20:33.540587Z,14.634285035226844,121.93422355949563,48,2024-05-24T09:20:33.540587Z,45.34265016305555,2.6573498369444444,2024-05-24T12:00:00Z,48,2024-05-26T12:00:00Z
2024141N03142-CE01-L072,2024141N03142-CE01,2024141N03142,landfall,2024-05-26T09:20:33.540587Z,14.634285035226844,121.93422355949563,72,2024-05-23T09:20:33.540587Z,69.34265016305555,2.6573498369444444,2024-05-23T12:00:00Z,72,2024-05-26T12:00:00Z
2024141N03142-CE01-L096,2024141N03142-CE01,2024141N03142,landfall,2024-05-26T09:20:33.540587Z,14.634285035226844,121.93422355949563,96,2024-05-22T09:20:33.540587Z,93.34265016305557,2.6573498369444444,2024-05-22T12:00:00Z,96,2024-05-26T12:00:00Z
2024141N03142-CE01-L120,2024141N03142-CE01,2024141N03142,landfall,2024-05-26T09:20:33.540587Z,14.634285035226844,121.93422355949563,120,2024-05-21T09:20:33.540587Z,117.34265016305557,2.6573498369444444,2024-05-21T12:00:00Z,120,2024-05-26T12:00:00Z
2024141N03142-CE02-L024,2024141N03142-CE02,2024141N03142,coastal_approach,2024-05-29T01:21:49.090909Z,24.51859251464696,131.1172191912952,24,2024-05-28T01:21:49.090909Z,25.363636363611114,-1.363636363611111,2024-05-28T00:00:00Z,30,2024-05-29T06:00:00Z
2024141N03142-CE02-L048,2024141N03142-CE02,2024141N03142,coastal_approach,2024-05-29T01:21:49.090909Z,24.51859251464696,131.1172191912952,48,2024-05-27T01:21:49.090909Z,49.36363636361111,-1.363636363611111,2024-05-27T00:00:00Z,54,2024-05-29T06:00:00Z
2024141N03142-CE02-L072,2024141N03142-CE02,2024141N03142,coastal_approach,2024-05-29T01:21:49.090909Z,24.51859251464696,131.1172191912952,72,2024-05-26T01:21:49.090909Z,73.36363636361112,-1.363636363611111,2024-05-26T00:00:00Z,78,2024-05-29T06:00:00Z
2024141N03142-CE02-L096,2024141N03142-CE02,2024141N03142,coastal_approach,2024-05-29T01:21:49.090909Z,24.51859251464696,131.1172191912952,96,2024-05-25T01:21:49.090909Z,97.36363636361112,-1.363636363611111,2024-05-25T00:00:00Z,102,2024-05-29T06:00:00Z
2024141N03142-CE02-L120,2024141N03142-CE02,2024141N03142,coastal_approach,2024-05-29T01:21:49.090909Z,24.51859251464696,131.1172191912952,120,2024-05-24T01:21:49.090909Z,121.36363636361112,-1.363636363611111,2024-05-24T00:00:00Z,126,2024-05-29T06:00:00Z
2024181N09320-CE01-L024,2024181N09320-CE01,2024181N09320,landfall,2024-07-01T15:04:52.736786Z,12.500003422904314,-61.42439473198407,24,2024-06-30T15:04:52.736786Z,21.08131577388889,2.9186842261111114,2024-06-30T18:00:00Z,24,2024-07-01T18:00:00Z
2024181N09320-CE01-L048,2024181N09320-CE01,2024181N09320,landfall,2024-07-01T15:04:52.736786Z,12.500003422904314,-61.42439473198407,48,2024-06-29T15:04:52.736786Z,45.08131577388889,2.9186842261111114,2024-06-29T18:00:00Z,48,2024-07-01T18:00:00Z
2024181N09320-CE01-L072,2024181N09320-CE01,2024181N09320,landfall,2024-07-01T15:04:52.736786Z,12.500003422904314,-61.42439473198407,72,2024-06-28T15:04:52.736786Z,69.08131577388889,2.9186842261111114,2024-06-28T18:00:00Z,72,2024-07-01T18:00:00Z
2024181N09320-CE01-L096,2024181N09320-CE01,2024181N09320,landfall,2024-07-01T15:04:52.736786Z,12.500003422904314,-61.42439473198407,96,2024-06-27T15:04:52.736786Z,93.08131577388889,2.9186842261111114,2024-06-27T18:00:00Z,96,2024-07-01T18:00:00Z
2024181N09320-CE01-L120,2024181N09320-CE01,2024181N09320,landfall,2024-07-01T15:04:52.736786Z,12.500003422904314,-61.42439473198407,120,2024-06-26T15:04:52.736786Z,117.08131577388889,2.9186842261111114,2024-06-26T18:00:00Z,120,2024-07-01T18:00:00Z
2024181N09320-CE02-L024,2024181N09320-CE02,2024181N09320,coastal_approach,2024-07-03T22:12:00Z,17.620390477694784,-77.81968218338588,24,2024-07-02T22:12:00Z,22.2,1.8,2024-07-03T00:00:00Z,24,2024-07-04T00:00:00Z
2024181N09320-CE02-L048,2024181N09320-CE02,2024181N09320,coastal_approach,2024-07-03T22:12:00Z,17.620390477694784,-77.81968218338588,48,2024-07-01T22:12:00Z,46.2,1.8,2024-07-02T00:00:00Z,48,2024-07-04T00:00:00Z
2024181N09320-CE02-L072,2024181N09320-CE02,2024181N09320,coastal_approach,2024-07-03T22:12:00Z,17.620390477694784,-77.81968218338588,72,2024-06-30T22:12:00Z,70.2,1.8,2024-07-01T00:00:00Z,72,2024-07-04T00:00:00Z
2024181N09320-CE02-L096,2024181N09320-CE02,2024181N09320,coastal_approach,2024-07-03T22:12:00Z,17.620390477694784,-77.81968218338588,96,2024-06-29T22:12:00Z,94.2,1.8,2024-06-30T00:00:00Z,96,2024-07-04T00:00:00Z
2024181N09320-CE02-L120,2024181N09320-CE02,2024181N09320,coastal_approach,2024-07-03T22:12:00Z,17.620390477694784,-77.81968218338588,120,2024-06-28T22:12:00Z,118.2,1.8,2024-06-29T00:00:00Z,120,2024-07-04T00:00:00Z
2024181N09320-CE03-L024,2024181N09320-CE03,2024181N09320,landfall,2024-07-05T10:54:25.425586Z,20.29073794265159,-87.37673735349262,24,2024-07-04T10:54:25.425586Z,22.907062662777776,1.0929373372222222,2024-07-04T12:00:00Z,24,2024-07-05T12:00:00Z
2024181N09320-CE03-L048,2024181N09320-CE03,2024181N09320,landfall,2024-07-05T10:54:25.425586Z,20.29073794265159,-87.37673735349262,48,2024-07-03T10:54:25.425586Z,46.907062662777776,1.0929373372222222,2024-07-03T12:00:00Z,48,2024-07-05T12:00:00Z
2024181N09320-CE03-L072,2024181N09320-CE03,2024181N09320,landfall,2024-07-05T10:54:25.425586Z,20.29073794265159,-87.37673735349262,72,2024-07-02T10:54:25.425586Z,70.90706266277778,1.0929373372222222,2024-07-02T12:00:00Z,72,2024-07-05T12:00:00Z
2024181N09320-CE03-L096,2024181N09320-CE03,2024181N09320,landfall,2024-07-05T10:54:25.425586Z,20.29073794265159,-87.37673735349262,96,2024-07-01T10:54:25.425586Z,94.90706266277779,1.0929373372222222,2024-07-01T12:00:00Z,96,2024-07-05T12:00:00Z
2024181N09320-CE03-L120,2024181N09320-CE03,2024181N09320,landfall,2024-07-05T10:54:25.425586Z,20.29073794265159,-87.37673735349262,120,2024-06-30T10:54:25.425586Z,118.90706266277779,1.0929373372222222,2024-06-30T12:00:00Z,120,2024-07-05T12:00:00Z
2024181N09320-CE04-L024,2024181N09320-CE04,2024181N09320,landfall,2024-07-08T08:33:56.518446Z,28.58485670582171,-95.99620000320644,24,2024-07-07T08:33:56.518446Z,26.565699568333333,-2.5656995683333332,2024-07-07T06:00:00Z,30,2024-07-08T12:00:00Z
2024181N09320-CE04-L048,2024181N09320-CE04,2024181N09320,landfall,2024-07-08T08:33:56.518446Z,28.58485670582171,-95.99620000320644,48,2024-07-06T08:33:56.518446Z,50.565699568333336,-2.5656995683333332,2024-07-06T06:00:00Z,54,2024-07-08T12:00:00Z
2024181N09320-CE04-L072,2024181N09320-CE04,2024181N09320,landfall,2024-07-08T08:33:56.518446Z,28.58485670582171,-95.99620000320644,72,2024-07-05T08:33:56.518446Z,74.56569956833333,-2.5656995683333332,2024-07-05T06:00:00Z,78,2024-07-08T12:00:00Z
2024181N09320-CE04-L096,2024181N09320-CE04,2024181N09320,landfall,2024-07-08T08:33:56.518446Z,28.58485670582171,-95.99620000320644,96,2024-07-04T08:33:56.518446Z,98.56569956833333,-2.5656995683333332,2024-07-04T06:00:00Z,102,2024-07-08T12:00:00Z
2024181N09320-CE04-L120,2024181N09320-CE04,2024181N09320,landfall,2024-07-08T08:33:56.518446Z,28.58485670582171,-95.99620000320644,120,2024-07-03T08:33:56.518446Z,122.56569956833333,-2.5656995683333332,2024-07-03T06:00:00Z,126,2024-07-08T12:00:00Z
2024201N12133-CE01-L024,2024201N12133-CE01,2024201N12133,landfall,2024-07-24T15:25:46.221642Z,24.185940399533337,121.65722249879038,24,2024-07-23T15:25:46.221642Z,21.429506011666668,2.5704939883333333,2024-07-23T18:00:00Z,24,2024-07-24T18:00:00Z
2024201N12133-CE01-L048,2024201N12133-CE01,2024201N12133,landfall,2024-07-24T15:25:46.221642Z,24.185940399533337,121.65722249879038,48,2024-07-22T15:25:46.221642Z,45.42950601166666,2.5704939883333333,2024-07-22T18:00:00Z,48,2024-07-24T18:00:00Z
2024201N12133-CE01-L072,2024201N12133-CE01,2024201N12133,landfall,2024-07-24T15:25:46.221642Z,24.185940399533337,121.65722249879038,72,2024-07-21T15:25:46.221642Z,69.42950601166666,2.5704939883333333,2024-07-21T18:00:00Z,72,2024-07-24T18:00:00Z
2024201N12133-CE01-L096,2024201N12133-CE01,2024201N12133,landfall,2024-07-24T15:25:46.221642Z,24.185940399533337,121.65722249879038,96,2024-07-20T15:25:46.221642Z,93.42950601166667,2.5704939883333333,2024-07-20T18:00:00Z,96,2024-07-24T18:00:00Z
2024201N12133-CE01-L120,2024201N12133-CE01,2024201N12133,landfall,2024-07-24T15:25:46.221642Z,24.185940399533337,121.65722249879038,120,2024-07-19T15:25:46.221642Z,117.42950601166667,2.5704939883333333,2024-07-19T18:00:00Z,120,2024-07-24T18:00:00Z
2024213N14254-CE01-L024,2024213N14254-CE01,2024213N14254,coastal_approach,2024-08-02T12:51:25.714285Z,18.328764185853103,-114.77135805275634,24,2024-08-01T12:51:25.714285Z,24.857142856944442,-0.8571428569444445,2024-08-01T12:00:00Z,30,2024-08-02T18:00:00Z
2024213N14254-CE01-L048,2024213N14254-CE01,2024213N14254,coastal_approach,2024-08-02T12:51:25.714285Z,18.328764185853103,-114.77135805275634,48,2024-07-31T12:51:25.714285Z,48.85714285694444,-0.8571428569444445,2024-07-31T12:00:00Z,54,2024-08-02T18:00:00Z
2024213N14254-CE01-L072,2024213N14254-CE01,2024213N14254,coastal_approach,2024-08-02T12:51:25.714285Z,18.328764185853103,-114.77135805275634,72,2024-07-30T12:51:25.714285Z,72.85714285694445,-0.8571428569444445,2024-07-30T12:00:00Z,78,2024-08-02T18:00:00Z
2024213N14254-CE01-L096,2024213N14254-CE01,2024213N14254,coastal_approach,2024-08-02T12:51:25.714285Z,18.328764185853103,-114.77135805275634,96,2024-07-29T12:51:25.714285Z,96.85714285694445,-0.8571428569444445,2024-07-29T12:00:00Z,102,2024-08-02T18:00:00Z
2024213N14254-CE01-L120,2024213N14254-CE01,2024213N14254,coastal_approach,2024-08-02T12:51:25.714285Z,18.328764185853103,-114.77135805275634,120,2024-07-28T12:51:25.714285Z,120.85714285694445,-0.8571428569444445,2024-07-28T12:00:00Z,126,2024-08-02T18:00:00Z
2024216N20284-CE01-L024,2024216N20284-CE01,2024216N20284,landfall,2024-08-03T01:37:46.521027Z,21.06331809662977,-79.27988944193052,24,2024-08-02T01:37:46.521027Z,25.629589174166664,-1.6295891741666666,2024-08-02T00:00:00Z,30,2024-08-03T06:00:00Z
2024216N20284-CE01-L048,2024216N20284-CE01,2024216N20284,landfall,2024-08-03T01:37:46.521027Z,21.06331809662977,-79.27988944193052,48,2024-08-01T01:37:46.521027Z,49.62958917416667,-1.6295891741666666,2024-08-01T00:00:00Z,54,2024-08-03T06:00:00Z
2024216N20284-CE01-L072,2024216N20284-CE01,2024216N20284,landfall,2024-08-03T01:37:46.521027Z,21.06331809662977,-79.27988944193052,72,2024-07-31T01:37:46.521027Z,73.62958917416667,-1.6295891741666666,2024-07-31T00:00:00Z,78,2024-08-03T06:00:00Z
2024216N20284-CE01-L096,2024216N20284-CE01,2024216N20284,landfall,2024-08-03T01:37:46.521027Z,21.06331809662977,-79.27988944193052,96,2024-07-30T01:37:46.521027Z,97.62958917416667,-1.6295891741666666,2024-07-30T00:00:00Z,102,2024-08-03T06:00:00Z
2024216N20284-CE01-L120,2024216N20284-CE01,2024216N20284,landfall,2024-08-03T01:37:46.521027Z,21.06331809662977,-79.27988944193052,120,2024-07-29T01:37:46.521027Z,121.62958917416667,-1.6295891741666666,2024-07-29T00:00:00Z,126,2024-08-03T06:00:00Z
2024225N14313-CE01-L024,2024225N14313-CE01,2024225N14313,landfall,2024-08-13T09:39:46.555612Z,16.399440348986253,-61.3988790669577,24,2024-08-12T09:39:46.555612Z,21.662932114444445,2.3370678855555553,2024-08-12T12:00:00Z,24,2024-08-13T12:00:00Z
2024225N14313-CE01-L048,2024225N14313-CE01,2024225N14313,landfall,2024-08-13T09:39:46.555612Z,16.399440348986253,-61.3988790669577,48,2024-08-11T09:39:46.555612Z,45.662932114444445,2.3370678855555553,2024-08-11T12:00:00Z,48,2024-08-13T12:00:00Z
2024225N14313-CE01-L072,2024225N14313-CE01,2024225N14313,landfall,2024-08-13T09:39:46.555612Z,16.399440348986253,-61.3988790669577,72,2024-08-10T09:39:46.555612Z,69.66293211444444,2.3370678855555553,2024-08-10T12:00:00Z,72,2024-08-13T12:00:00Z
2024225N14313-CE01-L096,2024225N14313-CE01,2024225N14313,landfall,2024-08-13T09:39:46.555612Z,16.399440348986253,-61.3988790669577,96,2024-08-09T09:39:46.555612Z,93.66293211444444,2.3370678855555553,2024-08-09T12:00:00Z,96,2024-08-13T12:00:00Z
2024225N14313-CE01-L120,2024225N14313-CE01,2024225N14313,landfall,2024-08-13T09:39:46.555612Z,16.399440348986253,-61.3988790669577,120,2024-08-08T09:39:46.555612Z,117.66293211444444,2.3370678855555553,2024-08-08T12:00:00Z,120,2024-08-13T12:00:00Z
2024225N22135-CE01-L024,2024225N22135-CE01,2024225N22135,coastal_approach,2024-08-15T06:30:00Z,30.58334134366778,141.0834048464531,24,2024-08-14T06:30:00Z,24.5,-0.5,2024-08-14T06:00:00Z,30,2024-08-15T12:00:00Z
2024225N22135-CE01-L048,2024225N22135-CE01,2024225N22135,coastal_approach,2024-08-15T06:30:00Z,30.58334134366778,141.0834048464531,48,2024-08-13T06:30:00Z,48.5,-0.5,2024-08-13T06:00:00Z,54,2024-08-15T12:00:00Z
2024225N22135-CE01-L072,2024225N22135-CE01,2024225N22135,coastal_approach,2024-08-15T06:30:00Z,30.58334134366778,141.0834048464531,72,2024-08-12T06:30:00Z,72.5,-0.5,2024-08-12T06:00:00Z,78,2024-08-15T12:00:00Z
2024225N22135-CE01-L096,2024225N22135-CE01,2024225N22135,coastal_approach,2024-08-15T06:30:00Z,30.58334134366778,141.0834048464531,96,2024-08-11T06:30:00Z,96.5,-0.5,2024-08-11T06:00:00Z,102,2024-08-15T12:00:00Z
2024225N22135-CE01-L120,2024225N22135-CE01,2024225N22135,coastal_approach,2024-08-15T06:30:00Z,30.58334134366778,141.0834048464531,120,2024-08-10T06:30:00Z,120.5,-0.5,2024-08-10T06:00:00Z,126,2024-08-15T12:00:00Z
2024225N14313-CE02-L024,2024225N14313-CE02,2024225N14313,landfall,2024-08-17T08:10:54.441435Z,32.24910528391071,-64.82555396621986,24,2024-08-16T08:10:54.441435Z,26.1817892875,-2.1817892875,2024-08-16T06:00:00Z,30,2024-08-17T12:00:00Z
2024225N14313-CE02-L048,2024225N14313-CE02,2024225N14313,landfall,2024-08-17T08:10:54.441435Z,32.24910528391071,-64.82555396621986,48,2024-08-15T08:10:54.441435Z,50.181789287499996,-2.1817892875,2024-08-15T06:00:00Z,54,2024-08-17T12:00:00Z
2024225N14313-CE02-L072,2024225N14313-CE02,2024225N14313,landfall,2024-08-17T08:10:54.441435Z,32.24910528391071,-64.82555396621986,72,2024-08-14T08:10:54.441435Z,74.1817892875,-2.1817892875,2024-08-14T06:00:00Z,78,2024-08-17T12:00:00Z
2024225N14313-CE02-L096,2024225N14313-CE02,2024225N14313,landfall,2024-08-17T08:10:54.441435Z,32.24910528391071,-64.82555396621986,96,2024-08-13T08:10:54.441435Z,98.1817892875,-2.1817892875,2024-08-13T06:00:00Z,102,2024-08-17T12:00:00Z
2024225N14313-CE02-L120,2024225N14313-CE02,2024225N14313,landfall,2024-08-17T08:10:54.441435Z,32.24910528391071,-64.82555396621986,120,2024-08-12T08:10:54.441435Z,122.1817892875,-2.1817892875,2024-08-12T06:00:00Z,126,2024-08-17T12:00:00Z
2024225N14313-CE03-L024,2024225N14313-CE03,2024225N14313,coastal_approach,2024-08-20T04:20:00Z,46.10391161777617,-52.46319867098837,24,2024-08-19T04:20:00Z,22.333333333333332,1.6666666666666667,2024-08-19T06:00:00Z,24,2024-08-20T06:00:00Z
2024225N14313-CE03-L048,2024225N14313-CE03,2024225N14313,coastal_approach,2024-08-20T04:20:00Z,46.10391161777617,-52.46319867098837,48,2024-08-18T04:20:00Z,46.333333333333336,1.6666666666666667,2024-08-18T06:00:00Z,48,2024-08-20T06:00:00Z
2024225N14313-CE03-L072,2024225N14313-CE03,2024225N14313,coastal_approach,2024-08-20T04:20:00Z,46.10391161777617,-52.46319867098837,72,2024-08-17T04:20:00Z,70.33333333333333,1.6666666666666667,2024-08-17T06:00:00Z,72,2024-08-20T06:00:00Z
2024225N14313-CE03-L096,2024225N14313-CE03,2024225N14313,coastal_approach,2024-08-20T04:20:00Z,46.10391161777617,-52.46319867098837,96,2024-08-16T04:20:00Z,94.33333333333333,1.6666666666666667,2024-08-16T06:00:00Z,96,2024-08-20T06:00:00Z
2024225N14313-CE03-L120,2024225N14313-CE03,2024225N14313,coastal_approach,2024-08-20T04:20:00Z,46.10391161777617,-52.46319867098837,120,2024-08-15T04:20:00Z,118.33333333333333,1.6666666666666667,2024-08-15T06:00:00Z,120,2024-08-20T06:00:00Z
2024233N15148-CE02-L024,2024233N15148-CE02,2024233N15148,landfall,2024-08-28T23:25:37.489088Z,31.985416832708022,130.2,24,2024-08-27T23:25:37.489088Z,23.427080302222222,0.5729196977777778,2024-08-28T00:00:00Z,24,2024-08-29T00:00:00Z
2024233N15148-CE02-L048,2024233N15148-CE02,2024233N15148,landfall,2024-08-28T23:25:37.489088Z,31.985416832708022,130.2,48,2024-08-26T23:25:37.489088Z,47.42708030222222,0.5729196977777778,2024-08-27T00:00:00Z,48,2024-08-29T00:00:00Z
2024233N15148-CE02-L072,2024233N15148-CE02,2024233N15148,landfall,2024-08-28T23:25:37.489088Z,31.985416832708022,130.2,72,2024-08-25T23:25:37.489088Z,71.42708030222222,0.5729196977777778,2024-08-26T00:00:00Z,72,2024-08-29T00:00:00Z
2024233N15148-CE02-L096,2024233N15148-CE02,2024233N15148,landfall,2024-08-28T23:25:37.489088Z,31.985416832708022,130.2,96,2024-08-24T23:25:37.489088Z,95.42708030222221,0.5729196977777778,2024-08-25T00:00:00Z,96,2024-08-29T00:00:00Z
2024233N15148-CE02-L120,2024233N15148-CE02,2024233N15148,landfall,2024-08-28T23:25:37.489088Z,31.985416832708022,130.2,120,2024-08-23T23:25:37.489088Z,119.42708030222221,0.5729196977777778,2024-08-24T00:00:00Z,120,2024-08-29T00:00:00Z
2024244N09137-CE01-L024,2024244N09137-CE01,2024244N09137,landfall,2024-09-06T07:50:05.665233Z,19.822493899405316,110.99433057495082,24,2024-09-05T07:50:05.665233Z,25.83490700916667,-1.8349070091666666,2024-09-05T06:00:00Z,30,2024-09-06T12:00:00Z
2024244N09137-CE01-L048,2024244N09137-CE01,2024244N09137,landfall,2024-09-06T07:50:05.665233Z,19.822493899405316,110.99433057495082,48,2024-09-04T07:50:05.665233Z,49.83490700916667,-1.8349070091666666,2024-09-04T06:00:00Z,54,2024-09-06T12:00:00Z
2024244N09137-CE01-L072,2024244N09137-CE01,2024244N09137,landfall,2024-09-06T07:50:05.665233Z,19.822493899405316,110.99433057495082,72,2024-09-03T07:50:05.665233Z,73.83490700916667,-1.8349070091666666,2024-09-03T06:00:00Z,78,2024-09-06T12:00:00Z
2024244N09137-CE01-L096,2024244N09137-CE01,2024244N09137,landfall,2024-09-06T07:50:05.665233Z,19.822493899405316,110.99433057495082,96,2024-09-02T07:50:05.665233Z,97.83490700916667,-1.8349070091666666,2024-09-02T06:00:00Z,102,2024-09-06T12:00:00Z
2024244N09137-CE01-L120,2024244N09137-CE01,2024244N09137,landfall,2024-09-06T07:50:05.665233Z,19.822493899405316,110.99433057495082,120,2024-09-01T07:50:05.665233Z,121.83490700916667,-1.8349070091666666,2024-09-01T06:00:00Z,126,2024-09-06T12:00:00Z
2024253N21266-CE01-L024,2024253N21266-CE01,2024253N21266,landfall,2024-09-11T21:55:30.855134Z,29.28505806766297,-91.3149793844154,24,2024-09-10T21:55:30.855134Z,21.925237537222223,2.0747624627777776,2024-09-11T00:00:00Z,24,2024-09-12T00:00:00Z
2024253N21266-CE01-L048,2024253N21266-CE01,2024253N21266,landfall,2024-09-11T21:55:30.855134Z,29.28505806766297,-91.3149793844154,48,2024-09-09T21:55:30.855134Z,45.92523753722222,2.0747624627777776,2024-09-10T00:00:00Z,48,2024-09-12T00:00:00Z
2024253N21266-CE01-L072,2024253N21266-CE01,2024253N21266,landfall,2024-09-11T21:55:30.855134Z,29.28505806766297,-91.3149793844154,72,2024-09-08T21:55:30.855134Z,69.92523753722223,2.0747624627777776,2024-09-09T00:00:00Z,72,2024-09-12T00:00:00Z
2024253N21266-CE01-L096,2024253N21266-CE01,2024253N21266,landfall,2024-09-11T21:55:30.855134Z,29.28505806766297,-91.3149793844154,96,2024-09-07T21:55:30.855134Z,93.92523753722223,2.0747624627777776,2024-09-08T00:00:00Z,96,2024-09-12T00:00:00Z
2024253N21266-CE01-L120,2024253N21266-CE01,2024253N21266,landfall,2024-09-11T21:55:30.855134Z,29.28505806766297,-91.3149793844154,120,2024-09-06T21:55:30.855134Z,117.92523753722223,2.0747624627777776,2024-09-07T00:00:00Z,120,2024-09-12T00:00:00Z
2024253N11148-CE01-L024,2024253N11148-CE01,2024253N11148,coastal_approach,2024-09-14T11:30:00Z,28.05012727686916,129.28352551180123,24,2024-09-13T11:30:00Z,23.5,0.5,2024-09-13T12:00:00Z,24,2024-09-14T12:00:00Z
2024253N11148-CE01-L048,2024253N11148-CE01,2024253N11148,coastal_approach,2024-09-14T11:30:00Z,28.05012727686916,129.28352551180123,48,2024-09-12T11:30:00Z,47.5,0.5,2024-09-12T12:00:00Z,48,2024-09-14T12:00:00Z
2024253N11148-CE01-L072,2024253N11148-CE01,2024253N11148,coastal_approach,2024-09-14T11:30:00Z,28.05012727686916,129.28352551180123,72,2024-09-11T11:30:00Z,71.5,0.5,2024-09-11T12:00:00Z,72,2024-09-14T12:00:00Z
2024253N11148-CE01-L096,2024253N11148-CE01,2024253N11148,coastal_approach,2024-09-14T11:30:00Z,28.05012727686916,129.28352551180123,96,2024-09-10T11:30:00Z,95.5,0.5,2024-09-10T12:00:00Z,96,2024-09-14T12:00:00Z
2024253N11148-CE01-L120,2024253N11148-CE01,2024253N11148,coastal_approach,2024-09-14T11:30:00Z,28.05012727686916,129.28352551180123,120,2024-09-09T11:30:00Z,119.5,0.5,2024-09-09T12:00:00Z,120,2024-09-14T12:00:00Z
2024253N11148-CE02-L024,2024253N11148-CE02,2024253N11148,landfall,2024-09-15T21:04:45.484473Z,30.70533537825088,122.48153371690486,24,2024-09-14T21:04:45.484473Z,21.0793012425,2.9206987575,2024-09-15T00:00:00Z,24,2024-09-16T00:00:00Z
2024253N11148-CE02-L048,2024253N11148-CE02,2024253N11148,landfall,2024-09-15T21:04:45.484473Z,30.70533537825088,122.48153371690486,48,2024-09-13T21:04:45.484473Z,45.079301242499994,2.9206987575,2024-09-14T00:00:00Z,48,2024-09-16T00:00:00Z
2024253N11148-CE02-L072,2024253N11148-CE02,2024253N11148,landfall,2024-09-15T21:04:45.484473Z,30.70533537825088,122.48153371690486,72,2024-09-12T21:04:45.484473Z,69.0793012425,2.9206987575,2024-09-13T00:00:00Z,72,2024-09-16T00:00:00Z
2024253N11148-CE02-L096,2024253N11148-CE02,2024253N11148,landfall,2024-09-15T21:04:45.484473Z,30.70533537825088,122.48153371690486,96,2024-09-11T21:04:45.484473Z,93.0793012425,2.9206987575,2024-09-12T00:00:00Z,96,2024-09-16T00:00:00Z
2024253N11148-CE02-L120,2024253N11148-CE02,2024253N11148,landfall,2024-09-15T21:04:45.484473Z,30.70533537825088,122.48153371690486,120,2024-09-10T21:04:45.484473Z,117.0793012425,2.9206987575,2024-09-11T00:00:00Z,120,2024-09-16T00:00:00Z
2024267N14261-CE01-L024,2024267N14261-CE01,2024267N14261,landfall,2024-09-24T02:44:36.876334Z,16.54018644054579,-98.8742740854337,24,2024-09-23T02:44:36.876334Z,26.743576759444444,-2.7435767594444447,2024-09-23T00:00:00Z,30,2024-09-24T06:00:00Z
2024267N14261-CE01-L048,2024267N14261-CE01,2024267N14261,landfall,2024-09-24T02:44:36.876334Z,16.54018644054579,-98.8742740854337,48,2024-09-22T02:44:36.876334Z,50.743576759444444,-2.7435767594444447,2024-09-22T00:00:00Z,54,2024-09-24T06:00:00Z
2024267N14261-CE01-L072,2024267N14261-CE01,2024267N14261,landfall,2024-09-24T02:44:36.876334Z,16.54018644054579,-98.8742740854337,72,2024-09-21T02:44:36.876334Z,74.74357675944444,-2.7435767594444447,2024-09-21T00:00:00Z,78,2024-09-24T06:00:00Z
2024267N14261-CE01-L096,2024267N14261-CE01,2024267N14261,landfall,2024-09-24T02:44:36.876334Z,16.54018644054579,-98.8742740854337,96,2024-09-20T02:44:36.876334Z,98.74357675944444,-2.7435767594444447,2024-09-20T00:00:00Z,102,2024-09-24T06:00:00Z
2024267N14261-CE01-L120,2024267N14261-CE01,2024267N14261,landfall,2024-09-24T02:44:36.876334Z,16.54018644054579,-98.8742740854337,120,2024-09-19T02:44:36.876334Z,122.74357675944444,-2.7435767594444447,2024-09-19T00:00:00Z,126,2024-09-24T06:00:00Z
2024268N17278-CE01-L024,2024268N17278-CE01,2024268N17278,landfall,2024-09-27T03:03:30.868737Z,29.93514496257836,-83.7,24,2024-09-26T03:03:30.868737Z,21.058574649166665,2.9414253508333332,2024-09-26T06:00:00Z,24,2024-09-27T06:00:00Z
2024268N17278-CE01-L048,2024268N17278-CE01,2024268N17278,landfall,2024-09-27T03:03:30.868737Z,29.93514496257836,-83.7,48,2024-09-25T03:03:30.868737Z,45.05857464916667,2.9414253508333332,2024-09-25T06:00:00Z,48,2024-09-27T06:00:00Z
2024268N17278-CE01-L072,2024268N17278-CE01,2024268N17278,landfall,2024-09-27T03:03:30.868737Z,29.93514496257836,-83.7,72,2024-09-24T03:03:30.868737Z,69.05857464916667,2.9414253508333332,2024-09-24T06:00:00Z,72,2024-09-27T06:00:00Z
2024268N17278-CE01-L096,2024268N17278-CE01,2024268N17278,landfall,2024-09-27T03:03:30.868737Z,29.93514496257836,-83.7,96,2024-09-23T03:03:30.868737Z,93.05857464916666,2.9414253508333332,2024-09-23T06:00:00Z,96,2024-09-27T06:00:00Z
2024268N17278-CE01-L120,2024268N17278-CE01,2024268N17278,landfall,2024-09-27T03:03:30.868737Z,29.93514496257836,-83.7,120,2024-09-22T03:03:30.868737Z,117.05857464916666,2.9414253508333332,2024-09-22T06:00:00Z,120,2024-09-27T06:00:00Z
2024267N14261-CE02-L024,2024267N14261-CE02,2024267N14261,landfall,2024-09-27T15:45:59.376086Z,18.17665408305069,-103.07663915139818,24,2024-09-26T15:45:59.376086Z,21.766493357222224,2.233506642777778,2024-09-26T18:00:00Z,24,2024-09-27T18:00:00Z
2024267N14261-CE02-L048,2024267N14261-CE02,2024267N14261,landfall,2024-09-27T15:45:59.376086Z,18.17665408305069,-103.07663915139818,48,2024-09-25T15:45:59.376086Z,45.766493357222224,2.233506642777778,2024-09-25T18:00:00Z,48,2024-09-27T18:00:00Z
2024267N14261-CE02-L072,2024267N14261-CE02,2024267N14261,landfall,2024-09-27T15:45:59.376086Z,18.17665408305069,-103.07663915139818,72,2024-09-24T15:45:59.376086Z,69.76649335722222,2.233506642777778,2024-09-24T18:00:00Z,72,2024-09-27T18:00:00Z
2024267N14261-CE02-L096,2024267N14261-CE02,2024267N14261,landfall,2024-09-27T15:45:59.376086Z,18.17665408305069,-103.07663915139818,96,2024-09-23T15:45:59.376086Z,93.76649335722222,2.233506642777778,2024-09-23T18:00:00Z,96,2024-09-27T18:00:00Z
2024267N14261-CE02-L120,2024267N14261-CE02,2024267N14261,landfall,2024-09-27T15:45:59.376086Z,18.17665408305069,-103.07663915139818,120,2024-09-22T15:45:59.376086Z,117.76649335722222,2.233506642777778,2024-09-22T18:00:00Z,120,2024-09-27T18:00:00Z
2024270N24128-CE01-L024,2024270N24128-CE01,2024270N24128,landfall,2024-10-03T04:49:10.287963Z,22.560680643787684,120.32126722992696,24,2024-10-02T04:49:10.287963Z,22.819524434166667,1.1804755658333335,2024-10-02T06:00:00Z,24,2024-10-03T06:00:00Z
2024270N24128-CE01-L048,2024270N24128-CE01,2024270N24128,landfall,2024-10-03T04:49:10.287963Z,22.560680643787684,120.32126722992696,48,2024-10-01T04:49:10.287963Z,46.81952443416667,1.1804755658333335,2024-10-01T06:00:00Z,48,2024-10-03T06:00:00Z
2024270N24128-CE01-L072,2024270N24128-CE01,2024270N24128,landfall,2024-10-03T04:49:10.287963Z,22.560680643787684,120.32126722992696,72,2024-09-30T04:49:10.287963Z,70.81952443416667,1.1804755658333335,2024-09-30T06:00:00Z,72,2024-10-03T06:00:00Z
2024270N24128-CE01-L096,2024270N24128-CE01,2024270N24128,landfall,2024-10-03T04:49:10.287963Z,22.560680643787684,120.32126722992696,96,2024-09-29T04:49:10.287963Z,94.81952443416667,1.1804755658333335,2024-09-29T06:00:00Z,96,2024-10-03T06:00:00Z
2024270N24128-CE01-L120,2024270N24128-CE01,2024270N24128,landfall,2024-10-03T04:49:10.287963Z,22.560680643787684,120.32126722992696,120,2024-09-28T04:49:10.287963Z,118.81952443416667,1.1804755658333335,2024-09-28T06:00:00Z,120,2024-10-03T06:00:00Z
2024279N21265-CE01-L024,2024279N21265-CE01,2024279N21265,coastal_approach,2024-10-08T07:00:00Z,22.0001096942246,-89.36685393113919,24,2024-10-07T07:00:00Z,25.0,-1.0,2024-10-07T06:00:00Z,30,2024-10-08T12:00:00Z
2024279N21265-CE01-L048,2024279N21265-CE01,2024279N21265,coastal_approach,2024-10-08T07:00:00Z,22.0001096942246,-89.36685393113919,48,2024-10-06T07:00:00Z,49.0,-1.0,2024-10-06T06:00:00Z,54,2024-10-08T12:00:00Z
2024279N21265-CE01-L072,2024279N21265-CE01,2024279N21265,coastal_approach,2024-10-08T07:00:00Z,22.0001096942246,-89.36685393113919,72,2024-10-05T07:00:00Z,73.0,-1.0,2024-10-05T06:00:00Z,78,2024-10-08T12:00:00Z
2024279N21265-CE01-L096,2024279N21265-CE01,2024279N21265,coastal_approach,2024-10-08T07:00:00Z,22.0001096942246,-89.36685393113919,96,2024-10-04T07:00:00Z,97.0,-1.0,2024-10-04T06:00:00Z,102,2024-10-08T12:00:00Z
2024279N21265-CE01-L120,2024279N21265-CE01,2024279N21265,coastal_approach,2024-10-08T07:00:00Z,22.0001096942246,-89.36685393113919,120,2024-10-03T07:00:00Z,121.0,-1.0,2024-10-03T06:00:00Z,126,2024-10-08T12:00:00Z
2024279N21265-CE02-L024,2024279N21265-CE02,2024279N21265,landfall,2024-10-10T00:21:19.171309Z,27.371072584593083,-82.62895339916413,24,2024-10-09T00:21:19.171309Z,24.35532536361111,-0.3553253636111111,2024-10-09T00:00:00Z,30,2024-10-10T06:00:00Z
2024279N21265-CE02-L048,2024279N21265-CE02,2024279N21265,landfall,2024-10-10T00:21:19.171309Z,27.371072584593083,-82.62895339916413,48,2024-10-08T00:21:19.171309Z,48.35532536361111,-0.3553253636111111,2024-10-08T00:00:00Z,54,2024-10-10T06:00:00Z
2024279N21265-CE02-L072,2024279N21265-CE02,2024279N21265,landfall,2024-10-10T00:21:19.171309Z,27.371072584593083,-82.62895339916413,72,2024-10-07T00:21:19.171309Z,72.35532536361112,-0.3553253636111111,2024-10-07T00:00:00Z,78,2024-10-10T06:00:00Z
2024279N21265-CE02-L096,2024279N21265-CE02,2024279N21265,landfall,2024-10-10T00:21:19.171309Z,27.371072584593083,-82.62895339916413,96,2024-10-06T00:21:19.171309Z,96.35532536361112,-0.3553253636111111,2024-10-06T00:00:00Z,102,2024-10-10T06:00:00Z
2024279N21265-CE02-L120,2024279N21265-CE02,2024279N21265,landfall,2024-10-10T00:21:19.171309Z,27.371072584593083,-82.62895339916413,120,2024-10-05T00:21:19.171309Z,120.35532536361112,-0.3553253636111111,2024-10-05T00:00:00Z,126,2024-10-10T06:00:00Z
2024279N21265-CE03-L024,2024279N21265-CE03,2024279N21265,landfall,2024-10-10T07:55:55.158869Z,28.422684073781724,-80.72137083363089,24,2024-10-09T07:55:55.158869Z,25.931988574722222,-1.9319885747222223,2024-10-09T06:00:00Z,30,2024-10-10T12:00:00Z
2024279N21265-CE03-L048,2024279N21265-CE03,2024279N21265,landfall,2024-10-10T07:55:55.158869Z,28.422684073781724,-80.72137083363089,48,2024-10-08T07:55:55.158869Z,49.931988574722226,-1.9319885747222223,2024-10-08T06:00:00Z,54,2024-10-10T12:00:00Z
2024279N21265-CE03-L072,2024279N21265-CE03,2024279N21265,landfall,2024-10-10T07:55:55.158869Z,28.422684073781724,-80.72137083363089,72,2024-10-07T07:55:55.158869Z,73.93198857472221,-1.9319885747222223,2024-10-07T06:00:00Z,78,2024-10-10T12:00:00Z
2024279N21265-CE03-L096,2024279N21265-CE03,2024279N21265,landfall,2024-10-10T07:55:55.158869Z,28.422684073781724,-80.72137083363089,96,2024-10-06T07:55:55.158869Z,97.93198857472221,-1.9319885747222223,2024-10-06T06:00:00Z,102,2024-10-10T12:00:00Z
2024279N21265-CE03-L120,2024279N21265-CE03,2024279N21265,landfall,2024-10-10T07:55:55.158869Z,28.422684073781724,-80.72137083363089,120,2024-10-05T07:55:55.158869Z,121.93198857472221,-1.9319885747222223,2024-10-05T06:00:00Z,126,2024-10-10T12:00:00Z
2024293N21294-CE01-L024,2024293N21294-CE01,2024293N21294,landfall,2024-10-19T20:28:56.064764Z,21.50000639838602,-71.13096536108239,24,2024-10-18T20:28:56.064764Z,26.48224021222222,-2.4822402122222225,2024-10-18T18:00:00Z,30,2024-10-20T00:00:00Z
2024293N21294-CE01-L048,2024293N21294-CE01,2024293N21294,landfall,2024-10-19T20:28:56.064764Z,21.50000639838602,-71.13096536108239,48,2024-10-17T20:28:56.064764Z,50.48224021222222,-2.4822402122222225,2024-10-17T18:00:00Z,54,2024-10-20T00:00:00Z
2024293N21294-CE01-L072,2024293N21294-CE01,2024293N21294,landfall,2024-10-19T20:28:56.064764Z,21.50000639838602,-71.13096536108239,72,2024-10-16T20:28:56.064764Z,74.48224021222222,-2.4822402122222225,2024-10-16T18:00:00Z,78,2024-10-20T00:00:00Z
2024293N21294-CE01-L096,2024293N21294-CE01,2024293N21294,landfall,2024-10-19T20:28:56.064764Z,21.50000639838602,-71.13096536108239,96,2024-10-15T20:28:56.064764Z,98.48224021222222,-2.4822402122222225,2024-10-15T18:00:00Z,102,2024-10-20T00:00:00Z
2024293N21294-CE01-L120,2024293N21294-CE01,2024293N21294,landfall,2024-10-19T20:28:56.064764Z,21.50000639838602,-71.13096536108239,120,2024-10-14T20:28:56.064764Z,122.48224021222222,-2.4822402122222225,2024-10-14T18:00:00Z,126,2024-10-20T00:00:00Z
2024295N15092-CE01-L024,2024295N15092-CE01,2024295N15092,landfall,2024-10-24T20:45:00.360687Z,20.68334240103659,87.00833997167798,24,2024-10-23T20:45:00.360687Z,26.750100190833333,-2.7501001908333333,2024-10-23T18:00:00Z,30,2024-10-25T00:00:00Z
2024295N15092-CE01-L048,2024295N15092-CE01,2024295N15092,landfall,2024-10-24T20:45:00.360687Z,20.68334240103659,87.00833997167798,48,2024-10-22T20:45:00.360687Z,50.75010019083334,-2.7501001908333333,2024-10-22T18:00:00Z,54,2024-10-25T00:00:00Z
2024295N15092-CE01-L072,2024295N15092-CE01,2024295N15092,landfall,2024-10-24T20:45:00.360687Z,20.68334240103659,87.00833997167798,72,2024-10-21T20:45:00.360687Z,74.75010019083332,-2.7501001908333333,2024-10-21T18:00:00Z,78,2024-10-25T00:00:00Z
2024295N15092-CE01-L096,2024295N15092-CE01,2024295N15092,landfall,2024-10-24T20:45:00.360687Z,20.68334240103659,87.00833997167798,96,2024-10-20T20:45:00.360687Z,98.75010019083332,-2.7501001908333333,2024-10-20T18:00:00Z,102,2024-10-25T00:00:00Z
2024295N15092-CE01-L120,2024295N15092-CE01,2024295N15092,landfall,2024-10-24T20:45:00.360687Z,20.68334240103659,87.00833997167798,120,2024-10-19T20:45:00.360687Z,122.75010019083332,-2.7501001908333333,2024-10-19T18:00:00Z,126,2024-10-25T00:00:00Z
2024293N13141-CE01-L024,2024293N13141-CE01,2024293N13141,landfall,2024-10-27T03:12:42.235807Z,16.271794196806177,108.07171628546972,24,2024-10-26T03:12:42.235807Z,21.211732168611114,2.788267831388889,2024-10-26T06:00:00Z,24,2024-10-27T06:00:00Z
2024293N13141-CE01-L048,2024293N13141-CE01,2024293N13141,landfall,2024-10-27T03:12:42.235807Z,16.271794196806177,108.07171628546972,48,2024-10-25T03:12:42.235807Z,45.21173216861111,2.788267831388889,2024-10-25T06:00:00Z,48,2024-10-27T06:00:00Z
2024293N13141-CE01-L072,2024293N13141-CE01,2024293N13141,landfall,2024-10-27T03:12:42.235807Z,16.271794196806177,108.07171628546972,72,2024-10-24T03:12:42.235807Z,69.2117321686111,2.788267831388889,2024-10-24T06:00:00Z,72,2024-10-27T06:00:00Z
2024293N13141-CE01-L096,2024293N13141-CE01,2024293N13141,landfall,2024-10-27T03:12:42.235807Z,16.271794196806177,108.07171628546972,96,2024-10-23T03:12:42.235807Z,93.21173216861112,2.788267831388889,2024-10-23T06:00:00Z,96,2024-10-27T06:00:00Z
2024293N13141-CE01-L120,2024293N13141-CE01,2024293N13141,landfall,2024-10-27T03:12:42.235807Z,16.271794196806177,108.07171628546972,120,2024-10-22T03:12:42.235807Z,117.21173216861112,2.788267831388889,2024-10-22T06:00:00Z,120,2024-10-27T06:00:00Z
2024298N13150-CE01-L024,2024298N13150-CE01,2024298N13150,landfall,2024-10-31T05:44:07.442363Z,23.038303145799837,121.33544474819568,24,2024-10-30T05:44:07.442363Z,23.735400656388887,0.2645993436111111,2024-10-30T06:00:00Z,24,2024-10-31T06:00:00Z
2024298N13150-CE01-L048,2024298N13150-CE01,2024298N13150,landfall,2024-10-31T05:44:07.442363Z,23.038303145799837,121.33544474819568,48,2024-10-29T05:44:07.442363Z,47.73540065638889,0.2645993436111111,2024-10-29T06:00:00Z,48,2024-10-31T06:00:00Z
2024298N13150-CE01-L072,2024298N13150-CE01,2024298N13150,landfall,2024-10-31T05:44:07.442363Z,23.038303145799837,121.33544474819568,72,2024-10-28T05:44:07.442363Z,71.73540065638889,0.2645993436111111,2024-10-28T06:00:00Z,72,2024-10-31T06:00:00Z
2024298N13150-CE01-L096,2024298N13150-CE01,2024298N13150,landfall,2024-10-31T05:44:07.442363Z,23.038303145799837,121.33544474819568,96,2024-10-27T05:44:07.442363Z,95.73540065638889,0.2645993436111111,2024-10-27T06:00:00Z,96,2024-10-31T06:00:00Z
2024298N13150-CE01-L120,2024298N13150-CE01,2024298N13150,landfall,2024-10-31T05:44:07.442363Z,23.038303145799837,121.33544474819568,120,2024-10-26T05:44:07.442363Z,119.73540065638889,0.2645993436111111,2024-10-26T06:00:00Z,120,2024-10-31T06:00:00Z
2024309N13283-CE01-L024,2024309N13283-CE01,2024309N13283,landfall,2024-11-06T15:39:35.337166Z,21.610054577846817,-81.98773857319784,24,2024-11-05T15:39:35.337166Z,21.659815879444444,2.3401841205555556,2024-11-05T18:00:00Z,24,2024-11-06T18:00:00Z
2024309N13283-CE01-L048,2024309N13283-CE01,2024309N13283,landfall,2024-11-06T15:39:35.337166Z,21.610054577846817,-81.98773857319784,48,2024-11-04T15:39:35.337166Z,45.659815879444444,2.3401841205555556,2024-11-04T18:00:00Z,48,2024-11-06T18:00:00Z
2024309N13283-CE01-L072,2024309N13283-CE01,2024309N13283,landfall,2024-11-06T15:39:35.337166Z,21.610054577846817,-81.98773857319784,72,2024-11-03T15:39:35.337166Z,69.65981587944445,2.3401841205555556,2024-11-03T18:00:00Z,72,2024-11-06T18:00:00Z
2024309N13283-CE01-L096,2024309N13283-CE01,2024309N13283,landfall,2024-11-06T15:39:35.337166Z,21.610054577846817,-81.98773857319784,96,2024-11-02T15:39:35.337166Z,93.65981587944444,2.3401841205555556,2024-11-02T18:00:00Z,96,2024-11-06T18:00:00Z
2024309N13283-CE01-L120,2024309N13283-CE01,2024309N13283,landfall,2024-11-06T15:39:35.337166Z,21.610054577846817,-81.98773857319784,120,2024-11-01T15:39:35.337166Z,117.65981587944444,2.3401841205555556,2024-11-01T18:00:00Z,120,2024-11-06T18:00:00Z
2024307N06143-CE01-L024,2024307N06143-CE01,2024307N06143,landfall,2024-11-07T07:51:13.944792Z,18.561895960065137,122.15287183113796,24,2024-11-06T07:51:13.944792Z,25.853873553333333,-1.8538735533333335,2024-11-06T06:00:00Z,30,2024-11-07T12:00:00Z
2024307N06143-CE01-L048,2024307N06143-CE01,2024307N06143,landfall,2024-11-07T07:51:13.944792Z,18.561895960065137,122.15287183113796,48,2024-11-05T07:51:13.944792Z,49.85387355333333,-1.8538735533333335,2024-11-05T06:00:00Z,54,2024-11-07T12:00:00Z
2024307N06143-CE01-L072,2024307N06143-CE01,2024307N06143,landfall,2024-11-07T07:51:13.944792Z,18.561895960065137,122.15287183113796,72,2024-11-04T07:51:13.944792Z,73.85387355333333,-1.8538735533333335,2024-11-04T06:00:00Z,78,2024-11-07T12:00:00Z
2024307N06143-CE01-L096,2024307N06143-CE01,2024307N06143,landfall,2024-11-07T07:51:13.944792Z,18.561895960065137,122.15287183113796,96,2024-11-03T07:51:13.944792Z,97.85387355333333,-1.8538735533333335,2024-11-03T06:00:00Z,102,2024-11-07T12:00:00Z
2024307N06143-CE01-L120,2024307N06143-CE01,2024307N06143,landfall,2024-11-07T07:51:13.944792Z,18.561895960065137,122.15287183113796,120,2024-11-02T07:51:13.944792Z,121.85387355333333,-1.8538735533333335,2024-11-02T06:00:00Z,126,2024-11-07T12:00:00Z
2024312N14145-CE01-L024,2024312N14145-CE01,2024312N14145,landfall,2024-11-11T00:28:17.763435Z,16.347274116221865,122.20580171746576,24,2024-11-10T00:28:17.763435Z,24.471600954166668,-0.4716009541666667,2024-11-10T00:00:00Z,30,2024-11-11T06:00:00Z
2024312N14145-CE01-L048,2024312N14145-CE01,2024312N14145,landfall,2024-11-11T00:28:17.763435Z,16.347274116221865,122.20580171746576,48,2024-11-09T00:28:17.763435Z,48.47160095416667,-0.4716009541666667,2024-11-09T00:00:00Z,54,2024-11-11T06:00:00Z
2024312N14145-CE01-L072,2024312N14145-CE01,2024312N14145,landfall,2024-11-11T00:28:17.763435Z,16.347274116221865,122.20580171746576,72,2024-11-08T00:28:17.763435Z,72.47160095416666,-0.4716009541666667,2024-11-08T00:00:00Z,78,2024-11-11T06:00:00Z
2024312N14145-CE01-L096,2024312N14145-CE01,2024312N14145,landfall,2024-11-11T00:28:17.763435Z,16.347274116221865,122.20580171746576,96,2024-11-07T00:28:17.763435Z,96.47160095416666,-0.4716009541666667,2024-11-07T00:00:00Z,102,2024-11-11T06:00:00Z
2024312N14145-CE01-L120,2024312N14145-CE01,2024312N14145,landfall,2024-11-11T00:28:17.763435Z,16.347274116221865,122.20580171746576,120,2024-11-06T00:28:17.763435Z,120.47160095416666,-0.4716009541666667,2024-11-06T00:00:00Z,126,2024-11-11T06:00:00Z
2024314N07151-CE01-L024,2024314N07151-CE01,2024314N07151,landfall,2024-11-14T05:36:17.191476Z,17.847377296224334,122.16599781268452,24,2024-11-13T05:36:17.191476Z,23.604775410000002,0.39522459,2024-11-13T06:00:00Z,24,2024-11-14T06:00:00Z
2024314N07151-CE01-L048,2024314N07151-CE01,2024314N07151,landfall,2024-11-14T05:36:17.191476Z,17.847377296224334,122.16599781268452,48,2024-11-12T05:36:17.191476Z,47.60477541,0.39522459,2024-11-12T06:00:00Z,48,2024-11-14T06:00:00Z
2024314N07151-CE01-L072,2024314N07151-CE01,2024314N07151,landfall,2024-11-14T05:36:17.191476Z,17.847377296224334,122.16599781268452,72,2024-11-11T05:36:17.191476Z,71.60477541,0.39522459,2024-11-11T06:00:00Z,72,2024-11-14T06:00:00Z
2024314N07151-CE01-L096,2024314N07151-CE01,2024314N07151,landfall,2024-11-14T05:36:17.191476Z,17.847377296224334,122.16599781268452,96,2024-11-10T05:36:17.191476Z,95.60477541,0.39522459,2024-11-10T06:00:00Z,96,2024-11-14T06:00:00Z
2024314N07151-CE01-L120,2024314N07151-CE01,2024314N07151,landfall,2024-11-14T05:36:17.191476Z,17.847377296224334,122.16599781268452,120,2024-11-09T05:36:17.191476Z,119.60477541,0.39522459,2024-11-09T06:00:00Z,120,2024-11-14T06:00:00Z
2024313N10169-CE01-L024,2024313N10169-CE01,2024313N10169,landfall,2024-11-16T14:54:15.251420Z,14.0936260369416,124.2127791782027,24,2024-11-15T14:54:15.251420Z,26.904236505555556,-2.9042365055555557,2024-11-15T12:00:00Z,30,2024-11-16T18:00:00Z
2024313N10169-CE01-L048,2024313N10169-CE01,2024313N10169,landfall,2024-11-16T14:54:15.251420Z,14.0936260369416,124.2127791782027,48,2024-11-14T14:54:15.251420Z,50.90423650555555,-2.9042365055555557,2024-11-14T12:00:00Z,54,2024-11-16T18:00:00Z
2024313N10169-CE01-L072,2024313N10169-CE01,2024313N10169,landfall,2024-11-16T14:54:15.251420Z,14.0936260369416,124.2127791782027,72,2024-11-13T14:54:15.251420Z,74.90423650555555,-2.9042365055555557,2024-11-13T12:00:00Z,78,2024-11-16T18:00:00Z
2024313N10169-CE01-L096,2024313N10169-CE01,2024313N10169,landfall,2024-11-16T14:54:15.251420Z,14.0936260369416,124.2127791782027,96,2024-11-12T14:54:15.251420Z,98.90423650555555,-2.9042365055555557,2024-11-12T12:00:00Z,102,2024-11-16T18:00:00Z
2024313N10169-CE01-L120,2024313N10169-CE01,2024313N10169,landfall,2024-11-16T14:54:15.251420Z,14.0936260369416,124.2127791782027,120,2024-11-11T14:54:15.251420Z,122.90423650555555,-2.9042365055555557,2024-11-11T12:00:00Z,126,2024-11-16T18:00:00Z
2024313N10169-CE02-L024,2024313N10169-CE02,2024313N10169,coastal_approach,2024-11-17T13:48:00Z,16.860290332425862,120.28052861904608,24,2024-11-16T13:48:00Z,25.8,-1.8,2024-11-16T12:00:00Z,30,2024-11-17T18:00:00Z
2024313N10169-CE02-L048,2024313N10169-CE02,2024313N10169,coastal_approach,2024-11-17T13:48:00Z,16.860290332425862,120.28052861904608,48,2024-11-15T13:48:00Z,49.8,-1.8,2024-11-15T12:00:00Z,54,2024-11-17T18:00:00Z
2024313N10169-CE02-L072,2024313N10169-CE02,2024313N10169,coastal_approach,2024-11-17T13:48:00Z,16.860290332425862,120.28052861904608,72,2024-11-14T13:48:00Z,73.8,-1.8,2024-11-14T12:00:00Z,78,2024-11-17T18:00:00Z
2024313N10169-CE02-L096,2024313N10169-CE02,2024313N10169,coastal_approach,2024-11-17T13:48:00Z,16.860290332425862,120.28052861904608,96,2024-11-13T13:48:00Z,97.8,-1.8,2024-11-13T12:00:00Z,102,2024-11-17T18:00:00Z
2024313N10169-CE02-L120,2024313N10169-CE02,2024313N10169,coastal_approach,2024-11-17T13:48:00Z,16.860290332425862,120.28052861904608,120,2024-11-12T13:48:00Z,121.8,-1.8,2024-11-12T12:00:00Z,126,2024-11-17T18:00:00Z
